id,kind,source,name_ru,name_en,tier,rarity,roll,class,trait,range,damage,burden,armor_score,thresholds,crafts_into,community,url,text_ru,text_en
ci1,item,Core,Первоклассный Спальный Мешок,Premium Bedroll,,common,1,,,,,,,,,,https://artex-x.github.io/daggerheart-loot/i/ci1.html,Во время отдыха вы автоматически очищаете Стресс.,"During downtime, you automatically clear a Stress."
ci2,item,Core,Пронзительная Свирель,Piper Whistle,,common,2,,,,,,,,,,https://artex-x.github.io/daggerheart-loot/i/ci2.html,"Эта свирель ручной работы имеет характерный звук. Когда вы дуете в этот свисток, его пронзительный звук слышен в радиусе 1 километра.","This handcrafted whistle has a distinctive sound. When you blow this whistle, its piercing tone can be heard within a 1-mile radius."
ci3,item,Core,Заряжающий Колчан,Charging Quiver,,common,3,,,,,,,,,,https://artex-x.github.io/daggerheart-loot/i/ci3.html,"Когда вы успешно наносите удар стрелой из этого колчана, получите бонус к Броску Урона, равный вашему текущему Рангу.","When you succeed on an attack with an arrow stored in this quiver, gain a bonus to the damage roll equal to your current tier."
ci4,item,Core,Факел Алистера,Alistair's Torch,,common,4,,,,,,,,,,https://artex-x.github.io/daggerheart-loot/i/ci4.html,"Вы можете зажигать этот магический факел по желанию. Его пламя освещает гораздо большую область, чем должно, - достаточно, чтобы осветить пещеру, как при дневном свете.","You can light this magic torch at will. The flame's light fills a much larger space than it should, enough to illuminate a cave bright as day."
ci5,item,Core,Разговаривающие Сферы,Speaking Orbs,,common,5,,,,,,,,,,https://artex-x.github.io/daggerheart-loot/i/ci5.html,"Эта пара сфер позволяет существам, которые держат их, общаться друг с другом на любом расстоянии.",This pair of orbs allows any creatures holding them to communicate with each other across any distance.
ci6,item,Core,Наручники,Manacles,,common,6,,,,,,,,,,https://artex-x.github.io/daggerheart-loot/i/ci6.html,Эта пара наручников с замком поставляется с ключом.,This pair of locking cuffs comes with a key.
ci7,item,Core,Мистический Плащ,Arcane Cloak,,common,7,,,,,,,,,,https://artex-x.github.io/daggerheart-loot/i/ci7.html,"Существо с Характеристикой Заклинателя, носящее этот плащ, может изменять его цвет, текстуру и размер по своему желанию.","A creature with a Spellcast trait wearing this cloak can adjust its color, texture, and size at will."
ci8,item,Core,Плетёная Сеть,Woven Net,,common,8,,,,,,,,,,https://artex-x.github.io/daggerheart-loot/i/ci8.html,"Вы можете совершить Бросок Искусности, используя эту сеть, чтобы поймать небольшое существо. Пойманная цель может освободиться, успешно совершив Бросок Атаки (16)",You can make a Finesse Roll using this net to trap a small creature. A trapped target can break free with a successful Attack Roll (16).
ci9,item,Core,Банка с Огнём,Fire Jar,,common,9,,,,,,,,,,https://artex-x.github.io/daggerheart-loot/i/ci9.html,"Вы можете вылить странную жидкость из этой банки, чтобы мгновенно разжечь огонь. Содержимое восстанавливается после продолжительного отдыха.",You can pour out the strange liquid contents of this jar to instantly produce fire. The contents regenerate when you take a long rest.
ci10,item,Core,Подвешенный Жезл,Suspended Rod,,common,10,,,,,,,,,,https://artex-x.github.io/daggerheart-loot/i/ci10.html,"Этот плоский жезл исписан рунами. Когда вы активируете жезл, он сразу же зависает на месте. До тех пор пока жезл не будет деактивирован, он не подчиняется законам гравитации и остаётся на месте.","This flat rod is inscribed with runes. When you activate the rod, it is immediately suspended in place. Until the rod is deactivated, it can't move, doesn't abide by the rules of gravity, and remains in place."
ci11,item,Core,Камень Облика,Glamour Stone,,common,11,,,,,,,,,,https://artex-x.github.io/daggerheart-loot/i/ci11.html,"Активируйте этот камень размером с гальку, чтобы запомнить внешность кого-то, кого вы видите. Потратьте Надежду, чтобы магическим образом воссоздать этот облик на себе в виде иллюзии.",Activate this pebble-sized stone to memorize the appearance of someone you can see. Spend a Hope to magically recreate this guise on yourself as an illusion.
ci12,item,Core,Пустой Сундук,Empty Chest,,common,12,,,,,,,,,,https://artex-x.github.io/daggerheart-loot/i/ci12.html,Этот магический сундук кажется пустым. Скажите ключевое слово или сделайте условное действие - и вы увидите хранимые внутри вещи.,"This magical chest appears empty. When you speak a specific trigger word or action and open the chest, you can see the items stored within it."
ci13,item,Core,Футляр для Компаньона,Companion Case,,uncommon,13,,,,,,,,,,https://artex-x.github.io/daggerheart-loot/i/ci13.html,"В этот футляр можно поместить маленького животного-компаньона. Пока он внутри, оба неуязвимы ко всем видам урона и эффектам.","This case can fit a small animal companion. While the companion is inside, the animal and case are immune to all damage and harmful effects."
ci14,item,Core,Пронзающие Стрелы,Piercing Arrows,,uncommon,14,,,,,,,,,,https://artex-x.github.io/daggerheart-loot/i/ci14.html,"Три раза за отдых, когда вы успешно наносите удар одной из этих стрел, вы можете добавить ваше Мастерство к Броску Урона.","Three times per rest when you succeed on an attack with one of these arrows, you can add your Proficiency to the damage roll."
ci15,item,Core,Камень Доблести,Valorstone,,uncommon,15,,,,,,,,,,https://artex-x.github.io/daggerheart-loot/i/ci15.html,"Вы можете прикрепить этот камень к доспеху, который ещё не имеет свойств. Доспех получает следующее свойство. Устойчивое: перед тем как отметить последнюю Ячейку Брони, бросьте 1d6. При результате 6 уменьшите тяжесть урона на один порог, не отмечая Ячейку Брони.","You can attach this stone to armor that doesn't already have a feature. The armor gains the following feature. Resilient: Before you mark your last Armor Slot, roll a d6. On a result of 6, reduce the severity by one threshold without marking an Armor Slot."
ci16,item,Core,Скелетный Ключ,Skeleton Key,,uncommon,16,,,,,,,,,,https://artex-x.github.io/daggerheart-loot/i/ci16.html,"Когда вы используете этот ключ, чтобы открыть запертую дверь, вы получаете преимущество на Бросок Искусности.","When you use this key to open a locked door, you gain advantage on the Finesse Roll."
ci17,item,Core,Магическая Призма,Arcane Prism,,uncommon,17,,,,,,,,,,https://artex-x.github.io/daggerheart-loot/i/ci17.html,"Поместите эту призму в выбранное вами место и активируйте её. Все союзники в пределах Средней дистанции от неё получают бонус +1 к своим Броскам Заклинаний. Пока призма активирована, её нельзя перемещать. После деактивации призму нельзя активировать снова до вашего следующего продолжительного отдыха.","Position this prism in a location of your choosing and activate it. All allies within Close range of it gain a +1 bonus to their Spellcast Rolls. While activated, the prism can't be moved. Once the prism is deactivated, it can't be activated again until your next long rest."
ci18,item,Core,Рецепт Малого Зелья Выносливости,Minor Stamina Potion Recipe,,uncommon,18,,,,,,,,cc8,,https://artex-x.github.io/daggerheart-loot/i/ci18.html,В качестве Хода Отдыха вы можете использовать кость существа для создания Малого Зелья Выносливости.,"As a downtime move, you can use the bone of a creature to craft a Minor Stamina Potion."
ci19,item,Core,Рецепт Малого Зелья Лечения,Minor Health Potion Recipe,,uncommon,19,,,,,,,,cc7,,https://artex-x.github.io/daggerheart-loot/i/ci19.html,В качестве Хода Отдыха вы можете использовать флакон с кровью для создания Малого Зелья Лечения.,"As a downtime move, you can use a vial of blood to craft a Minor Health Potion."
ci20,item,Core,Компасы Связи,Homing Compasses,,uncommon,20,,,,,,,,,,https://artex-x.github.io/daggerheart-loot/i/ci20.html,"Эти два компаса указывают друг на друга, независимо от того, как далеко они находятся друг от друга.",These two compasses point toward each other no matter how far apart they are.
ci21,item,Core,Исправляющий Дух,Corrector Sprite,,uncommon,21,,,,,,,,,,https://artex-x.github.io/daggerheart-loot/i/ci21.html,Этот крошечный дух сидит в изгибе вашего ушного канала и шепчет полезные советы во время боя. Один раз за короткий отдых вы можете получить преимущество на бросок атаки.,"This tiny sprite sits in the curve of your ear canal and whispers helpful advice during combat. Once per short rest, you can gain advantage on an attack roll."
ci22,item,Core,Перчатки Геккона,Gecko Gloves,,uncommon,22,,,,,,,,,,https://artex-x.github.io/daggerheart-loot/i/ci22.html,Вы можете лазать по вертикальным поверхностям и потолкам.,You can climb up vertical surfaces and across ceilings.
ci23,item,Core,Хранитель Знаний,Lorekeeper,,uncommon,23,,,,,,,,,,https://artex-x.github.io/daggerheart-loot/i/ci23.html,Вы можете сохранить в этой книге имена и подробные сведения о трёх враждебных существах. Вы получаете бонус +1 к броскам действия против этих существ.,You can store the name and details of up to three hostile creatures inside this book. You gain a +1 bonus to action rolls against those creatures.
ci24,item,Core,Рецепт Флакона с Чёрным Дымом,Vial of Darksmoke Recipe,,uncommon,24,,,,,,,,cc16,,https://artex-x.github.io/daggerheart-loot/i/ci24.html,"В качестве Хода Отдыха вы можете отметить Стресс, чтобы изготовить Флакон с Чёрным Дымом.","As a downtime move, you can mark a Stress to craft a Vial of Darksmoke."
ci25,item,Core,Кровавый Камень,Bloodstone,,rare,25,,,,,,,,,,https://artex-x.github.io/daggerheart-loot/i/ci25.html,"Вы можете прикрепить этот камень к оружию, которое ещё не имеет свойства. Оружие получает следующее свойство. Жестокое: когда вы выбрасываете максимальное значение на кости урона, бросьте дополнительную кость урона.","You can attach this stone to a weapon that doesn't already have a feature. The weapon gains the following feature. Brutal: When you roll the maximum value on a damage die, roll an additional damage die."
ci26,item,Core,Самоцвет Великана,Greatstone,,rare,26,,,,,,,,,,https://artex-x.github.io/daggerheart-loot/i/ci26.html,"Вы можете прикрепить этот камень к оружию, которое ещё не имеет свойства. Оружие получает следующее свойство. Мощное: при успешной атаке бросьте дополнительную кость урона и отбросьте наименьший результат.","You can attach this stone to a weapon that doesn't already have a feature. The weapon gains the following feature. Powerful: On a successful attack, roll an additional damage die and discard the lowest result."
ci27,item,Core,Парашют,Glider,,rare,27,,,,,,,,,,https://artex-x.github.io/daggerheart-loot/i/ci27.html,"Во время падения вы можете отметить Стресс, чтобы развернуть этот маленький парашют и безопасно спланировать на землю.","While falling, you can mark a Stress to deploy this small parachute and glide safely to the ground."
ci28,item,Core,Кольцо Тишины,Ring of Silence,,rare,28,,,,,,,,,,https://artex-x.github.io/daggerheart-loot/i/ci28.html,"Потратьте Надежду, чтобы активировать это кольцо. Ваши шаги будут бесшумными до следующего отдыха.",Spend a Hope to activate this ring. Your footsteps are silent until your next rest.
ci29,item,Core,Успокаивающий Кулон,Calming Pendant,,rare,29,,,,,,,,,,https://artex-x.github.io/daggerheart-loot/i/ci29.html,"Когда вы должны отметить последний Стресс, бросьте 1d6. При результате 5 или выше не отмечайте его.","When you would mark your last Stress, roll a d6. On a result of 5 or higher, don't mark it."
ci30,item,Core,Двойная Фляга,Dual Flask,,rare,30,,,,,,,,,,https://artex-x.github.io/daggerheart-loot/i/ci30.html,В эту флягу можно налить две разные жидкости. Переключаться между ними можно с помощью небольшого переключателя на боковой стороне фляги.,This flask can hold two different liquids. You can swap between them by flipping a small switch on the flask's side.
ci31,item,Core,Мешочек Своенравного Песка,Bag of Ficklesand,,rare,31,,,,,,,,,,https://artex-x.github.io/daggerheart-loot/i/ci31.html,"Вы можете убедить этот маленький мешок с песком стать намного тяжелее или легче, успешно выполнив бросок Влияния (10). Кроме того, при успешном броске Искусности (10) вы можете выдуть немного песка в лицо цели, чтобы временно сделать её Уязвимой.","You can convince this small bag of sand to be much heavier or lighter with a successful Presence Roll (10). Additionally, on a successful Finesse Roll (10), you can blow a bit of sand into a target's face to make them temporarily Vulnerable."
ci32,item,Core,Кольцо Сопротивления,Ring of Resistance,,rare,32,,,,,,,,,,https://artex-x.github.io/daggerheart-loot/i/ci32.html,"Один раз за продолжительный отдых вы можете активировать это кольцо после успешной атаки по вам, чтобы уменьшить полученный урон вдвое.","Once per long rest, you can activate this ring after a successful attack against you to halve the damage."
ci33,item,Core,Перо Феникса,Phoenix Feather,,rare,33,,,,,,,,,,https://artex-x.github.io/daggerheart-loot/i/ci33.html,"Если у вас есть хотя бы одно Перо Феникса, когда вы теряете сознание, вы получаете бонус +1 к броску, который вы совершаете, чтобы определить, получите ли вы шрам.","If you have at least one Phoenix Feather on you when you fall unconscious, you gain a +1 bonus to the roll you make to determine whether you gain a scar."
ci34,item,Core,Коробка Многих Вещей,Box of Many Goods,,rare,34,,,,,,,,,,https://artex-x.github.io/daggerheart-loot/i/ci34.html,Один раз за продолжительный отдых вы можете открыть эту маленькую коробку и бросить 1d12. При результате 1-6 она пуста. При результате 7-10 она содержит один случайный обычный расходник. При результате 11-12 она содержит два случайных обычных расходника.,"Once per long rest, you can open this small box and roll a d12. On a result of 1-6, it's empty. On a result of 7-10, it contains one random common consumable. On a result of 11-12, it contains two random common consumables."
ci35,item,Core,Амулет Воздушного Клинка,Airblade Charm,,rare,35,,,,,,,,,,https://artex-x.github.io/daggerheart-loot/i/ci35.html,Вы можете прикрепить этот амулет к оружию с дистанцией Вплотную. Три раза за отдых вы можете активировать амулет и атаковать цель в пределах Средней дистанции.,"You can attach this charm to a weapon with a Melee range. Three times per rest, you can activate the charm and attack a target within Close range."
ci36,item,Core,Семя Портала,Portal Seed,,rare,36,,,,,,,,,,https://artex-x.github.io/daggerheart-loot/i/ci36.html,"Вы можете посадить это семя в землю, чтобы вырастить портал в этом месте. Портал будет готов к использованию через 24 часа. Вы можете использовать этот портал для перемещения в любое другое место, где вы посадили другое семя портала. Портал можно уничтожить, нанеся ему любое количество магического урона.",You can plant this seed in the ground to grow a portal in that spot. The portal is ready to use in 24 hours. You can use this portal to travel to any other location where you planted a portal seed. A portal can be destroyed by dealing any amount of magic damage to it.
ci37,item,Core,Цепь Парагона,Paragon's Chain,,very_rare,37,,,,,,,,,,https://artex-x.github.io/daggerheart-loot/i/ci37.html,"В качестве Хода Отдыха вы можете помедитировать над идеалом или принципом, который вам дорог, и сосредоточить свою волю на этой цепи. Один раз за продолжительный отдых вы можете потратить Надежду, чтобы бросить d20 в качестве Кости Надежды для бросков, которые напрямую связаны с этим принципом.","As a downtime move, you can meditate on an ideal or principle you hold dear and focus your will into this chain. Once per long rest, you can spend a Hope to roll a d20 as your Hope Die for rolls that directly align with that principle."
ci38,item,Core,Амулет Скрытности,Elusive Amulet,,very_rare,38,,,,,,,,,,https://artex-x.github.io/daggerheart-loot/i/ci38.html,"Один раз за продолжительный отдых вы можете активировать этот амулет, чтобы стать Скрытым до тех пор, пока не сдвинетесь с места. Пока вы Скрыты таким образом, вы остаётесь невидимым, даже если противник переместится туда, где обычно мог бы вас увидеть.","Once per long rest, you can activate this amulet to become Hidden until you move. While Hidden in this way, you remain unseen even if an adversary moves to where they would normally see you."
ci39,item,Core,Медальон Хранения Надежд,Hopekeeper Locket,,very_rare,39,,,,,,,,,,https://artex-x.github.io/daggerheart-loot/i/ci39.html,"Во время продолжительного отдыха, если у вас есть 6 Надежды, вы можете потратить одну Надежду, чтобы наполнить этот медальон вашей решимостью. Когда у вас нет Надежды, вы можете использовать медальон, чтобы немедленно получить одну Надежду. Медальон необходимо снова наполнить, прежде чем его снова можно будет использовать таким образом.","During a long rest, if you have 6 Hope, you can spend a Hope to imbue this locket with your bountiful resolve. When you have 0 Hope, you can use the locket to immediately gain a Hope. The locket must be re-imbued before it can be used this way again."
ci40,item,Core,Бездонная Сумка,Infinite Bag,,very_rare,40,,,,,,,,,,https://artex-x.github.io/daggerheart-loot/i/ci40.html,"Когда вы храните предметы в этом мешке, они находятся в карманном измерении, где никогда не заканчивается место. Вы можете достать предмет в любое время.","When you store items in this bag, they are kept in a pocket dimension that never runs out of space. You can retrieve an item at any time."
ci41,item,Core,Реликвия Быстрого Шага,Stride Relic,,very_rare,41,,,,,,,,,,https://artex-x.github.io/daggerheart-loot/i/ci41.html,Вы получаете бонус +1 к Проворности. Вы можете носить только одну реликвию.,You gain a +1 bonus to your Agility. You can only carry one relic.
ci42,item,Core,Реликвия Усиления,Bolster Relic,,very_rare,42,,,,,,,,,,https://artex-x.github.io/daggerheart-loot/i/ci42.html,Вы получаете бонус +1 к Силе. Вы можете носить только одну реликвию.,You gain a +1 bonus to your Strength. You can only carry one relic.
ci43,item,Core,Реликвия Баланса,Control Relic,,very_rare,43,,,,,,,,,,https://artex-x.github.io/daggerheart-loot/i/ci43.html,Вы получаете бонус +1 к Искусности. Вы можете носить только одну реликвию.,You gain a +1 bonus to your Finesse. You can only carry one relic.
ci44,item,Core,Реликвия Гармонии,Attune Relic,,very_rare,44,,,,,,,,,,https://artex-x.github.io/daggerheart-loot/i/ci44.html,Вы получаете бонус +1 к Инстинкту. Вы можете носить только одну реликвию.,You gain a +1 bonus to your Instinct. You can only carry one relic.
ci45,item,Core,Реликвия Очарования,Charm Relic,,very_rare,45,,,,,,,,,,https://artex-x.github.io/daggerheart-loot/i/ci45.html,Вы получаете бонус +1 к Влиянию. Вы можете носить только одну реликвию.,You gain a +1 bonus to your Presence. You can only carry one relic.
ci46,item,Core,Реликвия Прозрения,Enlighten Relic,,very_rare,46,,,,,,,,,,https://artex-x.github.io/daggerheart-loot/i/ci46.html,Вы получаете бонус +1 к Знаниям. Вы можете носить только одну реликвию.,You gain a +1 bonus to your Knowledge. You can only carry one relic.
ci47,item,Core,Реликвия Наставления,Honing Relic,,very_rare,47,,,,,,,,,,https://artex-x.github.io/daggerheart-loot/i/ci47.html,Вы получаете бонус +1 к Опыту по вашему выбору. Вы можете носить только одну реликвию.,You gain a +1 bonus to an Experience of your choice. You can only carry one relic.
ci48,item,Core,Кулон Светлячка,Flickerfly Pendant,,very_rare,48,,,,,,,,,,https://artex-x.github.io/daggerheart-loot/i/ci48.html,"Пока вы носите этот кулон, ваше оружие с дистанцией атаки Вплотную, наносящее физический урон, имеет тонкий блеск и может атаковать цели в пределах Близкой дистанции.","While you carry this pendant, your weapons with a Melee range that deal physical damage have a gossamer sheen and can attack targets within Very Close range."
ci49,item,Core,Ботинки Хождения по Воде,Lakestrider Boots,,legendary,49,,,,,,,,,,https://artex-x.github.io/daggerheart-loot/i/ci49.html,"Вы можете ходить по поверхности воды, как по мягкой земле.",You can walk on the surface of water as if it were soft ground.
ci50,item,Core,Глиняный Спутник,Clay Companion,,legendary,50,,,,,,,,,,https://artex-x.github.io/daggerheart-loot/i/ci50.html,"Когда вы лепите из этого шарика глины глиняного животного-компаньона, он ведёт себя как это животное. Например, глиняный паук может плести глиняные паутины, а глиняная птица может летать. Глиняные компаньоны сохраняют память и индивидуальность при изменении формы, но могут приобретать новые манеры поведения.","When you sculpt this ball of clay into a clay animal companion, it behaves as that animal. For example, a clay spider can spin clay webs, while a clay bird can fly. The clay companion retains memory and identity across different shapes, but they can adopt new mannerisms with each form."
ci51,item,Core,Рецепт Мифической Пыли,Mythic Dust Recipe,,legendary,51,,,,,,,,cc35,,https://artex-x.github.io/daggerheart-loot/i/ci51.html,В качестве Хода Отдыха вы можете использовать горсть мелкой золотой пыли для создания Мифической Пыли.,"As a downtime move, you can use a handful of fine gold dust to craft Mythic Dust."
ci52,item,Core,Осколок Памяти,Shard of Memory,,legendary,52,,,,,,,,,,https://artex-x.github.io/daggerheart-loot/i/ci52.html,"Один раз за продолжительный отдых вы можете потратить 2 Надежды, чтобы призвать карту домена из вашего хранилища вместо того, чтобы платить её Стоимость Призыва.","Once per long rest, you can spend 2 Hope to recall a domain card from your vault instead of paying its Recall Cost."
ci53,item,Core,Самоцвет Проворства,Gem of Alacrity,,legendary,53,,,,,,,,,,https://artex-x.github.io/daggerheart-loot/i/ci53.html,"Вы можете прикрепить этот самоцвет к оружию, что позволит вам использовать Проворность при совершении атаки этим оружием.","You can attach this gem to a weapon, allowing you to use your Agility when making an attack with that weapon."
ci54,item,Core,Самоцвет Мощи,Gem of Might,,legendary,54,,,,,,,,,,https://artex-x.github.io/daggerheart-loot/i/ci54.html,"Вы можете прикрепить этот самоцвет к оружию, что позволит вам использовать Силу при совершении атаки этим оружием.","You can attach this gem to a weapon, allowing you to use your Strength when making an attack with that weapon."
ci55,item,Core,Самоцвет Точности,Gem of Precision,,legendary,55,,,,,,,,,,https://artex-x.github.io/daggerheart-loot/i/ci55.html,"Вы можете прикрепить этот самоцвет к оружию, что позволит вам использовать Искусность при совершении атаки этим оружием.","You can attach this gem to a weapon, allowing you to use your Finesse when making an attack with that weapon."
ci56,item,Core,Самоцвет Чутья,Gem of Insight,,legendary,56,,,,,,,,,,https://artex-x.github.io/daggerheart-loot/i/ci56.html,"Вы можете прикрепить этот самоцвет к оружию, что позволит вам использовать Инстинкт при совершении атаки этим оружием.","You can attach this gem to a weapon, allowing you to use your Instinct when making an attack with that weapon."
ci57,item,Core,Самоцвет Дерзости,Gem of Audacity,,legendary,57,,,,,,,,,,https://artex-x.github.io/daggerheart-loot/i/ci57.html,"Вы можете прикрепить этот самоцвет к оружию, что позволит вам использовать Влияние при совершении атаки этим оружием.","You can attach this gem to a weapon, allowing you to use your Presence when making an attack with that weapon."
ci58,item,Core,Самоцвет Рассудительности,Gem of Sagacity,,legendary,58,,,,,,,,,,https://artex-x.github.io/daggerheart-loot/i/ci58.html,"Вы можете прикрепить этот самоцвет к оружию, что позволит вам использовать Знание при совершении атаки этим оружием.","You can attach this gem to a weapon, allowing you to use your Knowledge when making an attack with that weapon."
ci59,item,Core,Кольцо Несокрушимой Решимости,Ring of Unbreakable Resolve,,legendary,59,,,,,,,,,,https://artex-x.github.io/daggerheart-loot/i/ci59.html,"Один раз за сессию, когда Мастер тратит Страх, вы можете потратить 4 Надежды, чтобы отменить эффект потраченного Страха.","Once per session, when the GM spends a Fear, you can spend 4 Hope to cancel the effects of that spent Fear."
ci60,item,Core,Пояс Единства,Belt of Unity,,legendary,60,,,,,,,,,,https://artex-x.github.io/daggerheart-loot/i/ci60.html,"Один раз за сессию вы можете потратить 5 Надежды, чтобы провести Командный Бросок с тремя персонажами вместо двух.","Once per session, you can spend 5 Hope to lead a Tag Team Roll with three PCs instead of two."
cc1,consumable,Core,Зелье Быстрого Шага,Stride Potion,,common,1,,,,,,,,,,https://artex-x.github.io/daggerheart-loot/i/cc1.html,Вы получаете бонус +1 к следующему броску Проворности.,You gain a +1 bonus to your next Agility Roll.
cc2,consumable,Core,Зелье Усиления,Bolster Potion,,common,2,,,,,,,,,,https://artex-x.github.io/daggerheart-loot/i/cc2.html,Вы получаете бонус +1 к следующему броску Силы.,You gain a +1 bonus to your next Strength Roll.
cc3,consumable,Core,Зелье Сосредоточенности,Control Potion,,common,3,,,,,,,,,,https://artex-x.github.io/daggerheart-loot/i/cc3.html,Вы получаете бонус +1 к следующему броску Искусности.,You gain a +1 bonus to your next Finesse Roll.
cc4,consumable,Core,Зелье Гармонии,Attune Potion,,common,4,,,,,,,,,,https://artex-x.github.io/daggerheart-loot/i/cc4.html,Вы получаете бонус +1 к следующему броску Инстинкта.,You gain a +1 bonus to your next Instinct Roll.
cc5,consumable,Core,Зелье Очарования,Charm Potion,,common,5,,,,,,,,,,https://artex-x.github.io/daggerheart-loot/i/cc5.html,Вы получаете бонус +1 к следующему броску Влияния.,You gain a +1 bonus to your next Presence Roll.
cc6,consumable,Core,Зелье Просветления,Enlighten Potion,,common,6,,,,,,,,,,https://artex-x.github.io/daggerheart-loot/i/cc6.html,Вы получаете бонус +1 к следующему броску Знаний.,You gain a +1 bonus to your next Knowledge Roll.
cc7,consumable,Core,Малое Зелье Лечения,Minor Health Potion,,common,7,,,,,,,,,,https://artex-x.github.io/daggerheart-loot/i/cc7.html,Излечите 1d4 Ран.,Clear 1d4 HP.
cc8,consumable,Core,Малое Зелье Выносливости,Minor Stamina Potion,,common,8,,,,,,,,,,https://artex-x.github.io/daggerheart-loot/i/cc8.html,Очистите 1d4 Стресса.,Clear 1d4 Stress.
cc9,consumable,Core,Яд Скрежетозуба,Grindletooth Venom,,common,9,,,,,,,,,,https://artex-x.github.io/daggerheart-loot/i/cc9.html,"Вы можете нанести этот яд на оружие, наносящее физический урон, чтобы добавить 1d6 к вашему следующему броску урона этим оружием.",You can apply this venom to a weapon that deals physical damage to add a d6 to your next damage roll with that weapon.
cc10,consumable,Core,Листья Варика,Varik Leaves,,common,10,,,,,,,,,,https://artex-x.github.io/daggerheart-loot/i/cc10.html,"Вы можете съесть эти спаренные листья, чтобы сразу получить 2 Надежды.",You can eat these paired leaves to immediately gain 2 Hope.
cc11,consumable,Core,Флакон с Лунной Каплей,Vial of Moondrip,,common,11,,,,,,,,,,https://artex-x.github.io/daggerheart-loot/i/cc11.html,"Выпив содержимое этого флакона, вы сможете видеть в полной темноте до следующего отдыха.","When you drink the contents of this vial, you can see in total darkness until your next rest."
cc12,consumable,Core,Нестабильный Мистический Осколок,Unstable Arcane Shard,,common,12,,,,,,,,,,https://artex-x.github.io/daggerheart-loot/i/cc12.html,"Вы можете совершить бросок Искусности, чтобы бросить этот осколок в группу противников в пределах Далекой дистанции. Цели, против которых вы преуспели, получают 1d20 магического урона.",You can make a Finesse Roll to throw this shard at a group of adversaries within Far range. Targets you succeed against take 1d20 magic damage.
cc13,consumable,Core,Зелье Стойкости,Potion of Stability,,uncommon,13,,,,,,,,,,https://artex-x.github.io/daggerheart-loot/i/cc13.html,"Вы можете выпить это зелье, чтобы выбрать одно дополнительное действие привала.",You can drink this potion to choose one additional downtime move.
cc14,consumable,Core,Улучшенный Яд Скрежетозуба,Improved Grindletooth Venom,,uncommon,14,,,,,,,,,,https://artex-x.github.io/daggerheart-loot/i/cc14.html,"Вы можете нанести этот яд на оружие, наносящее физический урон, чтобы добавить 1d8 к вашему следующему броску урона этим оружием.",You can apply this venom to a weapon that deals physical damage to add a d8 to your next damage roll with that weapon.
cc15,consumable,Core,Глина Перевоплощения,Morphing Clay,,uncommon,15,,,,,,,,,,https://artex-x.github.io/daggerheart-loot/i/cc15.html,"Вы можете потратить Надежду, чтобы использовать эту глину, изменив свое лицо настолько, что вас не узнают до следующего отдыха.","You can spend a Hope to use this clay, altering your face enough to make you unrecognizable until your next rest."
cc16,consumable,Core,Флакон с Чёрным Дымом,Vial of Darksmoke,,uncommon,16,,,,,,,,,,https://artex-x.github.io/daggerheart-loot/i/cc16.html,"Когда противник атакует вас, используйте этот флакон и бросьте количество d6, равное вашей Проворности. Добавьте самый высокий результат к вашему Уклонению от этой атаки.","When an adversary attacks you, use this vial and roll a number of d6s equal to your Agility. Add the highest result to your Evasion against the attack."
cc17,consumable,Core,Прыгающий Корень,Jumping Root,,uncommon,17,,,,,,,,,,https://artex-x.github.io/daggerheart-loot/i/cc17.html,"Съешьте этот корень, чтобы один раз прыгнуть на Далекую дистанцию без необходимости бросать кость.",Eat this root to leap up to Far range once without needing to roll.
cc18,consumable,Core,Порошок Встряски,Snap Powder,,uncommon,18,,,,,,,,,,https://artex-x.github.io/daggerheart-loot/i/cc18.html,"Отметьте Стресс, чтобы очистить Рану.",Mark a Stress and clear a HP.
cc19,consumable,Core,Зелье Лечения,Health Potion,,uncommon,19,,,,,,,,,,https://artex-x.github.io/daggerheart-loot/i/cc19.html,Излечите 1d4+1 Ран.,Clear 1d4+1 HP.
cc20,consumable,Core,Зелье Выносливости,Stamina Potion,,uncommon,20,,,,,,,,,,https://artex-x.github.io/daggerheart-loot/i/cc20.html,Очистите 1d4+1 Стресса.,Clear 1d4+1 Stress.
cc21,consumable,Core,Доспешный Сшиватель,Armor Stitcher,,uncommon,21,,,,,,,,,,https://artex-x.github.io/daggerheart-loot/i/cc21.html,"Вы можете использовать этот швейный аппарат, чтобы потратить любое количество Надежды и очистить столько же Ячеек Брони.",You can use this stitcher to spend any number of Hope and clear that many Armor Slots.
cc22,consumable,Core,Жаберная Мазь,Gill Salve,,uncommon,22,,,,,,,,,,https://artex-x.github.io/daggerheart-loot/i/cc22.html,"Вы можете нанести эту мазь на шею, чтобы дышать под водой в течение минут, равных вашему уровню.",You can apply this salve to your neck to breathe underwater for a number of minutes equal to your level.
cc23,consumable,Core,Пергамент Копирования,Replication Parchment,,uncommon,23,,,,,,,,,,https://artex-x.github.io/daggerheart-loot/i/cc23.html,"Прикоснувшись этим пергаментом к другому, вы можете идеально скопировать содержимое второго пергамента. После использования этот пергамент становится обычной бумагой.","By touching this piece of parchment to another, you can perfectly copy the second parchment's contents. Once used, this parchment becomes mundane paper."
cc24,consumable,Core,Улучшенный Мистический Осколок,Improved Arcane Shard,,uncommon,24,,,,,,,,,,https://artex-x.github.io/daggerheart-loot/i/cc24.html,"Вы можете совершить бросок Искусности, чтобы бросить этот осколок в группу противников в пределах Далекой дистанции. Цели, против которых вы преуспели, получают 2d20 урона от магии.",You can make a Finesse Roll to throw this shard at a group of adversaries within Far range. Targets you succeed against take 2d20 magic damage.
cc25,consumable,Core,Большое Зелье Быстрого Шага,Major Stride Potion,,rare,25,,,,,,,,,,https://artex-x.github.io/daggerheart-loot/i/cc25.html,Вы получаете бонус +1 к Проворности до следующего отдыха.,You gain a +1 bonus to your Agility until your next rest.
cc26,consumable,Core,Большое Зелье Усиления,Major Bolster Potion,,rare,26,,,,,,,,,,https://artex-x.github.io/daggerheart-loot/i/cc26.html,Вы получаете бонус +1 к Силе до следующего отдыха.,You gain a +1 bonus to your Strength until your next rest.
cc27,consumable,Core,Большое Зелье Сосредоточенности,Major Control Potion,,rare,27,,,,,,,,,,https://artex-x.github.io/daggerheart-loot/i/cc27.html,Вы получаете бонус +1 к Искусности до следующего отдыха.,You gain a +1 bonus to your Finesse until your next rest.
cc28,consumable,Core,Большое Зелье Гармонии,Major Attune Potion,,rare,28,,,,,,,,,,https://artex-x.github.io/daggerheart-loot/i/cc28.html,Вы получаете бонус +1 к Инстинкту до следующего отдыха.,You gain a +1 bonus to your Instinct until your next rest.
cc29,consumable,Core,Большое Зелье Обаяния,Major Charm Potion,,rare,29,,,,,,,,,,https://artex-x.github.io/daggerheart-loot/i/cc29.html,Вы получаете бонус +1 к Влиянию до следующего отдыха.,You gain a +1 bonus to your Presence until your next rest.
cc30,consumable,Core,Большое Зелье Просветления,Major Enlighten Potion,,rare,30,,,,,,,,,,https://artex-x.github.io/daggerheart-loot/i/cc30.html,Вы получаете бонус +1 к Знаниям до следующего отдыха.,You gain a +1 bonus to your Knowledge until your next rest.
cc31,consumable,Core,Кровь Йорги,Blood of the Yorgi,,rare,31,,,,,,,,,,https://artex-x.github.io/daggerheart-loot/i/cc31.html,"Вы можете выпить эту кровь, чтобы исчезнуть с того места, где вы находитесь, и сразу же появиться в точке, которую вы можете видеть в пределах Очень Далекой дистанции.",You can drink this blood to disappear from where you are and immediately reappear at a point you can see within Very Far range.
cc32,consumable,Core,Секретное Зелье Хомета,Homet's Secret Potion,,rare,32,,,,,,,,,,https://artex-x.github.io/daggerheart-loot/i/cc32.html,После выпивания этого зелья следующий успешный бросок атаки вместо этого получает критический успех.,"After drinking this potion, the next successful attack you make critically succeeds."
cc33,consumable,Core,Слюна Красношипа,Redthorn Saliva,,rare,33,,,,,,,,,,https://artex-x.github.io/daggerheart-loot/i/cc33.html,"Вы можете нанести эту слюну на оружие, наносящее физический урон, чтобы добавить 1d12 к вашему следующему броску урона этим оружием.",You can apply this saliva to a weapon that deals physical damage to add a d12 to your next damage roll with that weapon.
cc34,consumable,Core,Проводящий Камень,Channelstone,,rare,34,,,,,,,,,,https://artex-x.github.io/daggerheart-loot/i/cc34.html,"Вы можете использовать этот камень, чтобы взять заклинание или гримуар из своего хранилища, использовать его один раз и вернуть в хранилище.","You can use this stone to take a spell or grimoire from your vault, use it once, and return it to your vault."
cc35,consumable,Core,Мифическая Пыль,Mythic Dust,,rare,35,,,,,,,,,,https://artex-x.github.io/daggerheart-loot/i/cc35.html,"Вы можете нанести эту пыль на оружие, наносящее магический урон, чтобы добавить d12 к вашему следующему броску урона этим оружием.",You can apply this dust to a weapon that deals magic damage to add a d12 to your next damage roll with that weapon.
cc36,consumable,Core,Кислотная Паста,Acidpaste,,rare,36,,,,,,,,,,https://artex-x.github.io/daggerheart-loot/i/cc36.html,Паста прожигает стены и другие поверхности яркими вспышками.,This paste eats away walls and other surfaces in bright flashes.
cc37,consumable,Core,Пламя Надежды,Hopehold Flare,,very_rare,37,,,,,,,,,,https://artex-x.github.io/daggerheart-loot/i/cc37.html,"При использовании союзники в пределах Средней дистанции бросают 1d6, когда тратят Надежду. При результате 6 они получают эффект Надежды без её траты. Пламя действует до конца сцены.","When you use this flare, allies within Close range roll a d6 when they spend a Hope. On a result of 6, they gain the effect of that Hope without spending it. The flare lasts until the end of the scene."
cc38,consumable,Core,Большой Мистический Осколок,Major Arcane Shard,,very_rare,38,,,,,,,,,,https://artex-x.github.io/daggerheart-loot/i/cc38.html,"Вы можете совершить Бросок Искусности, чтобы бросить этот осколок в группу противников в пределах Далекой дистанции. Цели, против которых вы преуспели, получают 4d20 урона от магии.",You can make a Finesse Roll to throw this shard at a group of adversaries within Far range. Targets you succeed against take 4d20 magic damage.
cc39,consumable,Core,Пуховая Кость,Featherbone,,very_rare,39,,,,,,,,,,https://artex-x.github.io/daggerheart-loot/i/cc39.html,"Используйте, чтобы замедлить своё падение на количество минут, равное вашему уровню.",You can use this bone to control your falling speed for a number of minutes equal to your level.
cc40,consumable,Core,Круг Пустоты,Circle of the Void,,very_rare,40,,,,,,,,,,https://artex-x.github.io/daggerheart-loot/i/cc40.html,"Отметьте Стресс, чтобы создать пустоту, которая распространяется на Далекую дистанцию. Внутри пустоты нельзя использовать магию, а существа, находящиеся в ней, имеют иммунитет к магическому урону.","Mark a Stress to create a void that extends up to Far range. No magic can be cast inside the void, and creatures within the void are immune to magic damage."
cc41,consumable,Core,Сок Солнечного Древа,Sun Tree Sap,,very_rare,41,,,,,,,,,,https://artex-x.github.io/daggerheart-loot/i/cc41.html,"Употребите этот сок, чтобы бросить 1d6. При результате 5-6 очистите 2 Раны. При результате 2-4 очистите 3 Стресса. При результате 1 загляните сквозь завесу смерти и вернитесь изменённым, получив один шрам.","Consume this sap to roll a d6. On a result of 5-6, clear 2 HP. On a result of 2-4, clear 3 Stress. On a result of 1, see through the veil of death and return changed, gaining one scar."
cc42,consumable,Core,Яд Каплезуба,Dripfang Poison,,very_rare,42,,,,,,,,,,https://artex-x.github.io/daggerheart-loot/i/cc42.html,"Существо, которое употребляет этот яд, получает 8d10 прямого магического урона.",A creature who consumes this poison takes 8d10 direct magic damage.
cc43,consumable,Core,Большое Зелье Лечения,Major Health Potion,,very_rare,43,,,,,,,,,,https://artex-x.github.io/daggerheart-loot/i/cc43.html,Излечите 1d4+2 Ран.,Clear 1d4+2 HP.
cc44,consumable,Core,Большое Зелье Выносливости,Major Stamina Potion,,very_rare,44,,,,,,,,,,https://artex-x.github.io/daggerheart-loot/i/cc44.html,Очистите 1d4+2 Стресса.,Clear 1d4+2 Stress.
cc45,consumable,Core,Мускус Огра,Ogre Musk,,very_rare,45,,,,,,,,,,https://artex-x.github.io/daggerheart-loot/i/cc45.html,"Вы можете использовать этот мускус, чтобы никто не смог отследить вас обычными или магическими средствами до вашего следующего отдыха.",You can use this musk to prevent anyone from tracking you by mundane or magical means until your next rest.
cc46,consumable,Core,Крылокорень,Wingsprout,,very_rare,46,,,,,,,,,,https://artex-x.github.io/daggerheart-loot/i/cc46.html,"Вы получаете волшебные крылья, которые позволяют вам летать в течение минут, равных вашему уровню.",You gain magic wings that allow you to fly for a number of minutes equal to your level.
cc47,consumable,Core,Сосуд Потерянных Голосов,Jar of Lost Voices,,very_rare,47,,,,,,,,,,https://artex-x.github.io/daggerheart-loot/i/cc47.html,"Вы можете открыть этот сосуд, чтобы выпустить оглушающее эхо голосов на количество минут, равное вашему Инстинкту. Существа в пределах Далекой дистанции, не подготовленные к звуку, получают 6d8 урона от магии.",You can open this jar to release a deafening echo of voices for a number of minutes equal to your Instinct. Creatures within Far range unprepared for the sound take 6d8 magic damage.
cc48,consumable,Core,Чай Драконьего Цветка,Dragonbloom Tea,,very_rare,48,,,,,,,,,,https://artex-x.github.io/daggerheart-loot/i/cc48.html,"Вы можете выпить этот чай, чтобы совершить атаку огненным дыханием. Сделайте Бросок Инстинкта против всех противников перед вами в пределах Средней дистанции. Цели, против которых вы преуспели, получают d20 физического урона с использованием вашего Мастерства.",You can drink this tea to unleash a fiery breath attack. Make an Instinct Roll against all adversaries in front of you within Close range. Targets you succeed against take d20 physical damage using your Proficiency.
cc49,consumable,Core,Семя Крепкого Моста,Bridge Seed,,legendary,49,,,,,,,,,,https://artex-x.github.io/daggerheart-loot/i/cc49.html,"Толстые лианы растут от вашего местоположения до выбранной вами точки в пределах Далекой дистанции, позволяя вам подниматься по ним вверх или перебираться через них. Лианы исчезают после вашего следующего короткого отдыха.","Thick vines grow from your location to a point of your choice within Far range, allowing you to climb up or across them. The vines dissipate on your next short rest."
cc50,consumable,Core,Усыпляющий Сок,Sleeping Sap,,legendary,50,,,,,,,,,,https://artex-x.github.io/daggerheart-loot/i/cc50.html,"Вы можете выпить это зелье, чтобы заснуть и хорошо отдохнуть всю ночь. Проснувшись, вы очищаете весь Стресс.",You can drink this potion to fall asleep for a full night's rest. You clear all Stress upon waking.
cc51,consumable,Core,Пир Ксурии,Feast of Xuria,,legendary,51,,,,,,,,,,https://artex-x.github.io/daggerheart-loot/i/cc51.html,"Вы можете съесть эту еду, чтобы исцелить все Раны и Стресс и получить 1d4 Надежды.",You can eat this meal to clear all HP and Stress and gain 1d4 Hope.
cc52,consumable,Core,Склеивающий Мёд,Bonding Honey,,legendary,52,,,,,,,,,,https://artex-x.github.io/daggerheart-loot/i/cc52.html,Этот мёд можно использовать для постоянного склеивания двух предметов.,This honey can be used to glue two objects together permanently.
cc53,consumable,Core,Зелье Уменьшения,Shrinking Potion,,legendary,53,,,,,,,,,,https://artex-x.github.io/daggerheart-loot/i/cc53.html,"Вы можете выпить это зелье, чтобы уменьшить свой размер вдвое, пока не решите отказаться от этой формы или не сделаете следующий отдых. В этой форме вы получаете бонус +2 к Проворности и штраф -1 к Мастерству.","You can drink this potion to halve your size until you choose to drop this form or your next rest. While in this form, you have a +2 bonus to Agility and a -1 penalty to your Proficiency."
cc54,consumable,Core,Зелье Увеличения,Growing Potion,,legendary,54,,,,,,,,,,https://artex-x.github.io/daggerheart-loot/i/cc54.html,"Вы можете выпить это зелье, чтобы удвоить свой размер, пока не решите отказаться от этой формы или не наступит следующий отдых. В этой форме вы получаете бонус +2 к Силе и +1 к Мастерству.","You can drink this potion to double your size until you choose to drop this form or your next rest. While in this form, you have a +2 bonus to Strength and a +1 bonus to your Proficiency."
cc55,consumable,Core,Камень Знаний,Knowledge Stone,,legendary,55,,,,,,,,,,https://artex-x.github.io/daggerheart-loot/i/cc55.html,"Если вы погибаете, держа при себе этот камень, союзник может забрать карту из вашей Руки и поместить её в свою Руку или Хранилище. После того, как он примет это знание, камень рассыпается.","If you die while holding this stone, an ally can take a card from your loadout to place in their loadout or vault. After they take this knowledge, the stone crumbles."
cc56,consumable,Core,Сладкий Мох,Sweet Moss,,legendary,56,,,,,,,,,,https://artex-x.github.io/daggerheart-loot/i/cc56.html,"Вы можете съесть этот мох во время отдыха, чтобы очистить 1d10 Ран или 1d10 Стресса.",You can consume this moss during a rest to clear 1d10 HP or 1d10 Stress.
cc57,consumable,Core,Ослепляющая Сфера,Blinding Orb,,legendary,57,,,,,,,,,,https://artex-x.github.io/daggerheart-loot/i/cc57.html,"Вы можете активировать эту сферу, чтобы создать вспышку яркого света. Все цели в пределах Средней дистанции становятся Уязвимыми, пока не отметят Рану.",You can activate this orb to create a flash of bright light. All targets within Close range become Vulnerable until they mark HP.
cc58,consumable,Core,Чай Смерти,Death Tea,,legendary,58,,,,,,,,,,https://artex-x.github.io/daggerheart-loot/i/cc58.html,"После того как вы выпьете этот чай, вы мгновенно убиваете свою цель, когда выбрасываете критический успех на атаку. Если вы не наносите критически успешный удар до вашего следующего продолжительного отдыха, вы умираете.","After you drink this tea, you instantly kill your target when you critically succeed on an attack. If you don't critically succeed on an attack before your next long rest, you die."
cc59,consumable,Core,Зеркало Златоцвета,Mirror of Marigold,,legendary,59,,,,,,,,,,https://artex-x.github.io/daggerheart-loot/i/cc59.html,"Когда вы получаете урон, вы можете потратить Надежду, чтобы отменить этот урон, после чего зеркало разбивается.","When you take damage, you can spend a Hope to negate that damage, after which the mirror shatters."
cc60,consumable,Core,Звёздная Капля,Stardrop,,legendary,60,,,,,,,,,,https://artex-x.github.io/daggerheart-loot/i/cc60.html,"Вы можете использовать эту звездную каплю, чтобы вызвать град комет, который наносит 8d20 физического урона всем целям в пределах Очень Далекой дистанции.",You can use this stardrop to summon a hailstorm of comets that deals 8d20 physical damage to all targets within Very Far range.
hi1,item,Hope & Fear,Шипы,Caltrops,,common,1,,,,,,,,,,https://artex-x.github.io/daggerheart-loot/i/hi1.html,"Вы можете рассыпать эти шипы в пределах Близкой дистанции вокруг себя. Если существо пересекает эту область в спешке, оно должно отметить Стресс.",You can spread these caltrops in a Very Close area around you. A creature hastening through that area must mark a Stress.
hi2,item,Hope & Fear,Крюк-Кошка,Grapnel,,common,2,,,,,,,,,,https://artex-x.github.io/daggerheart-loot/i/hi2.html,"Вы получаете преимущество на броски действия, когда взбираетесь по отвесным поверхностям.",You gain advantage on action rolls to climb sheer surfaces.
hi3,item,Hope & Fear,Металлические Шарики,Ball Bearings,,common,3,,,,,,,,,,https://artex-x.github.io/daggerheart-loot/i/hi3.html,В этом мешочке лежат идеально гладкие металлические шарики.,This pouch contains perfectly smooth metal spheres.
hi4,item,Hope & Fear,Табакерка Драконьей Пыли,Box of Dragon Dust,,common,4,,,,,,,,,,https://artex-x.github.io/daggerheart-loot/i/hi4.html,Эта табакерка наполнена горючим порошком.,This snuffbox is filled with combustible powder.
hi5,item,Hope & Fear,Кольцо Ночного Ловчего,Nighthawker's Ring,,common,5,,,,,,,,,,https://artex-x.github.io/daggerheart-loot/i/hi5.html,"Потратьте Надежду, чтобы до конца сцены активировать самоцвет в этом кольце. Пока он активен, его цвет выдаёт близость спрятанного сокровища: чем теплее оттенок, тем оно ближе, а чем холоднее, тем дальше.","Spend a Hope to activate the gemstone in this ring until the end of the scene. While active, the gemstone changes color to indicate the wearer's proximity to hidden treasure: warm colors for near, cool colors for far."
hi6,item,Hope & Fear,Эльфийская Подзорная Труба,Elven Spyglass,,common,6,,,,,,,,,,https://artex-x.github.io/daggerheart-loot/i/hi6.html,Эта подзорная труба увеличивает изображение в сто раз.,You can use this spyglass to magnify your vision a hundredfold.
hi7,item,Hope & Fear,Поварские Гранулы,Gourmet Granules,,common,7,,,,,,,,,,https://artex-x.github.io/daggerheart-loot/i/hi7.html,"Этот пряный порошок делает вкусной и полезной любую еду, которую им посыпали, какой бы пресной или испорченной она ни была.","This savory powder makes any food it's sprinkled on delicious and healthy, no matter how bland or rotten it is."
hi8,item,Hope & Fear,Складной Шест,Collapsible Pole,,common,8,,,,,,,,,,https://artex-x.github.io/daggerheart-loot/i/hi8.html,Этот шест длиной шесть метров разбирается на шесть сцепленных сегментов по метру.,You can break down this 18-foot pole into six interlinked 3-foot segments.
hi9,item,Hope & Fear,Перо Чернокрыла,Blackwing Quill,,common,9,,,,,,,,,,https://artex-x.github.io/daggerheart-loot/i/hi9.html,"В этом пере никогда не кончаются чернила, и его не нужно затачивать.",This writing quill never runs out of ink or needs to be sharpened.
hi10,item,Hope & Fear,Складной Нож Силеи,Silee's Folding Knife,,common,10,,,,,,,,,,https://artex-x.github.io/daggerheart-loot/i/hi10.html,"Этот клинок длиной восемь сантиметров легко разрезает что угодно, кроме рукояти, в которой хранится.",This 3-inch blade has an edge that easily cuts through anything except the handle it's stored in.
hi11,item,Hope & Fear,Заводная Игрушка,Windup Toy,,common,11,,,,,,,,,,https://artex-x.github.io/daggerheart-loot/i/hi11.html,Это небольшое механическое устройство в форме щенка совиного волка можно настроить на выполнение простых трюков.,This small mechanical device is shaped like a strixwolf pup and can be programmed to perform simple tricks.
hi12,item,Hope & Fear,Утяжелённые Кости,Loaded Dice,,common,12,,,,,,,,,,https://artex-x.github.io/daggerheart-loot/i/hi12.html,"При успешном броске Искусности (14) вы выбираете, что выпадет на этих костях. Если вы бросаете со Страхом, все, кто смотрит, понимают, что кости утяжелены.","You can choose what result this set of weighted dice rolls with a successful Finesse Roll (14). If you roll with Fear, anyone watching knows the dice are loaded."
hi13,item,Hope & Fear,Рог Полодрева,Hollowbark Horn,,uncommon,13,,,,,,,,,,https://artex-x.github.io/daggerheart-loot/i/hi13.html,"Подув в этот рог, вы призываете небольшое лесное существо, чтобы оно выполнило простое поручение.",You can blow this horn to summon a small woodland creature to perform a simple task.
hi14,item,Hope & Fear,Самовяжущаяся Верёвка,Self-Tying Rope,,uncommon,14,,,,,,,,,,https://artex-x.github.io/daggerheart-loot/i/hi14.html,Вы можете приказать этой верёвке завязаться или развязаться.,You can command this rope to tie or untie itself.
hi15,item,Hope & Fear,Воровской Компас,Thief's Compass,,uncommon,15,,,,,,,,,,https://artex-x.github.io/daggerheart-loot/i/hi15.html,"В помещении этот компас указывает на ближайший выход, а снаружи — на ближайший вход.",This compass points the way toward the nearest exit while indoors and the closest entrance while outdoors.
hi16,item,Hope & Fear,Колокольчик Странника,Traveler's Bell,,uncommon,16,,,,,,,,,,https://artex-x.github.io/daggerheart-loot/i/hi16.html,"Один раз до следующего продолжительного отдыха вы можете позвонить в этот колокольчик, и на час магически откроется кратчайший безопасный путь через труднопроходимую местность.","Once per long rest, you can ring this bell to magically open the shortest safe path through rough terrain for 1 hour."
hi17,item,Hope & Fear,Мандрагорский Факел,Mandragorian Torch,,uncommon,17,,,,,,,,,,https://artex-x.github.io/daggerheart-loot/i/hi17.html,"Этот факел даёт свет, видимый только тому, кто его несёт.",This torch gives off light only the bearer can see.
hi18,item,Hope & Fear,Сапоги Мягкой Поступи,Boots of Supple Mystique,,uncommon,18,,,,,,,,,,https://artex-x.github.io/daggerheart-loot/i/hi18.html,"Пока вы носите эти сапоги, вы не оставляете следов.","While wearing these boots, you don't leave tracks or footprints."
hi19,item,Hope & Fear,Сосуд Западного Ветра,Zephyr's Jar,,uncommon,19,,,,,,,,,,https://artex-x.github.io/daggerheart-loot/i/hi19.html,"Открыв этот пустой сосуд в непогоду, вы ловите бурю и оставляете после себя ясное небо. Буря остаётся внутри, пока сосуд не откроют снова.",You can open this empty jar during inclement weather to capture the storm and leave behind clear skies. The storm remains inside until unleashed by reopening the jar.
hi20,item,Hope & Fear,Кольцо Возвращения,Returning Ring,,uncommon,20,,,,,,,,,,https://artex-x.github.io/daggerheart-loot/i/hi20.html,"Пока вы носите это кольцо, брошенное основное оружие возвращается вам в руку сразу после атаки.","When you throw your primary weapon while wearing this ring, the weapon appears in your hand immediately after the attack."
hi21,item,Hope & Fear,Сеть Зимородка,Kingfisher's Net,,uncommon,21,,,,,,,,,,https://artex-x.github.io/daggerheart-loot/i/hi21.html,"Один раз до следующего продолжительного отдыха вы можете выловить этой сетью одну живую рыбу из любого количества воды, даже если ей там взяться неоткуда.","Once per long rest, you can use this net to scoop one live fish out of any amount of water, no matter how unlikely it is for that water to have fish in it."
hi22,item,Hope & Fear,Пояс Титана,Titan's Girdle,,uncommon,22,,,,,,,,,,https://artex-x.github.io/daggerheart-loot/i/hi22.html,Один раз за сцену вы можете активировать этот пояс и получить +1 к Мастерству для следующей атаки.,"Once per scene, you can activate this girdle to gain a +1 bonus to your Proficiency for your next attack."
hi23,item,Hope & Fear,Железная Вуаль,Iron Veil,,uncommon,23,,,,,,,,,,https://artex-x.github.io/daggerheart-loot/i/hi23.html,Этот кольчужный головной убор делает носителя невидимым для фейских существ.,This chain-link head covering renders the wearer invisible to fey creatures.
hi24,item,Hope & Fear,Мешок Пушистиков,Furball Bag,,uncommon,24,,,,,,,,,,https://artex-x.github.io/daggerheart-loot/i/hi24.html,"Один раз до следующего отдыха вы можете достать из этого мешка 2d20 безобидных пушистых существ неопределённого происхождения и вида, каждое размером с кошку.","Once per rest, you can produce 2d20 harmless, cat-sized fur creatures of indeterminate origin and species from this bag."
hi25,item,Hope & Fear,Браслет Тихого Шага,Whisperstep Anklet,,rare,25,,,,,,,,,,https://artex-x.github.io/daggerheart-loot/i/hi25.html,"Этот ножной браслет делает ваши шаги бесшумными, пока вы идёте шагом.",This anklet makes your steps silent as long as you don't move faster than walking speed.
hi26,item,Hope & Fear,Лупа Зачарователя,Enchanter's Loupe,,rare,26,,,,,,,,,,https://artex-x.github.io/daggerheart-loot/i/hi26.html,Через эту лупу вы видите иллюзии и чары насквозь.,You can use this loupe to see through illusions and enchantments.
hi27,item,Hope & Fear,Зеркальный Шар Эсхера,Escher's Mirrorball,,rare,27,,,,,,,,,,https://artex-x.github.io/daggerheart-loot/i/hi27.html,Один раз до следующего продолжительного отдыха вы можете приказать этому серебряному шару размером с кулак запечатлеть на своей поверхности круговое изображение окружения. Оно сохраняется до следующего продолжительного отдыха.,"Once per long rest, you can command this fist-sized silver orb to capture an omnidirectional image of its surroundings on its surface. This image lasts until your next long rest."
hi28,item,Hope & Fear,Монета Шулера,Cheater's Coin,,rare,28,,,,,,,,,,https://artex-x.github.io/daggerheart-loot/i/hi28.html,"Подбрасывая эту монету, вы можете потратить Надежду и выбрать, какой стороной она упадёт.","When you flip this coin, you can spend a Hope to determine which side it lands on."
hi29,item,Hope & Fear,Колокол Хранителя Могил,Gravewarden's Bell,,rare,29,,,,,,,,,,https://artex-x.github.io/daggerheart-loot/i/hi29.html,"Этот колокол звонит, когда призрак или нежить оказывается от него в пределах Далекой дистанции.",This bell rings when a ghost or undead creature moves within Far range of it.
hi30,item,Hope & Fear,Реликварий Незрячего Святого,Reliquary of the Sightless Saint,,rare,30,,,,,,,,,,https://artex-x.github.io/daggerheart-loot/i/hi30.html,"Вы получаете +1 к Кости Надежды, когда совершаете Предсмертный Ход «Рискнуть всем».",You gain a +1 bonus to your Hope Die when you make the Risk It All death move.
hi31,item,Hope & Fear,Карта Откровения,Map of Revelation,,rare,31,,,,,,,,,,https://artex-x.github.io/daggerheart-loot/i/hi31.html,"Вы можете настроить эту карту на одно существо за раз и всегда видеть, где оно находится.",You can attune this map to one creature at a time. The map always shows the attuned creature's location.
hi32,item,Hope & Fear,Обсидиановая Табличка Даггинэ,Dagginae's Obsidian Slate,,rare,32,,,,,,,,,,https://artex-x.github.io/daggerheart-loot/i/hi32.html,"Этот тончайший лист вулканического стекла архивисты используют для заметок. Всё, что нацарапано на его поверхности, исчезает, но возвращается по слову, которое вы задали.",This wafer-thin sheet of volcanic glass is used by archivists to keep notes. Any information etched onto its surface disappears but can be recalled via a command you set.
hi33,item,Hope & Fear,Рюкзак Гэдимана,Gadiman's Backpack,,rare,33,,,,,,,,,,https://artex-x.github.io/daggerheart-loot/i/hi33.html,"Один раз до следующего отдыха вы можете потратить Надежду, чтобы создать внутри этой сумки обыденный предмет объёмом до 30 литров.","Once per rest, you can spend a Hope to conjure a mundane item up to a cubic foot in size inside this satchel."
hi34,item,Hope & Fear,Монета Затмения,Eclipse Coin,,rare,34,,,,,,,,,,https://artex-x.github.io/daggerheart-loot/i/hi34.html,"Один раз до следующего отдыха подбросьте монету. При орле вы получаете +1 к броскам атаки до вашей следующей успешной атаки. При решке вы получаете +1 к Уклонению, пока атака против вас не окажется неудачной.","Once per rest, flip a coin. On heads, you gain a +1 bonus to attack rolls until your next successful attack. On tails, you gain +1 to your Evasion until an attack fails against you."
hi35,item,Hope & Fear,Шляпа Чародея,Sorcerer's Hat,,rare,35,,,,,,,,,,https://artex-x.github.io/daggerheart-loot/i/hi35.html,"Эта синяя конусообразная шляпа усыпана серебряными звёздами. Один раз до следующего отдыха вы можете сотворить заклинание из Хранилища со Стоимостью Призыва не выше вашего Ранга. С картами, убранными туда навсегда, это не работает.","This conical blue hat is covered in silver stars. Once per rest, you can cast a spell from your vault with a Recall Cost equal to or less than your tier. This doesn't work for permanently vaulted cards."
hi36,item,Hope & Fear,Перчатки из Кожи Гуля,Ghoulskin Gloves,,rare,36,,,,,,,,,,https://artex-x.github.io/daggerheart-loot/i/hi36.html,"Пока вы носите эти перчатки, ваш урон от физического оружия считается одновременно физическим и магическим.","When you attack with a physical weapon while wearing these gloves, the damage is considered both physical and magic."
hi37,item,Hope & Fear,Перчатки Расторопности,Gloves of Alacrity,,very_rare,37,,,,,,,,,,https://artex-x.github.io/daggerheart-loot/i/hi37.html,"Когда вы должны отметить Стресс, чтобы перезарядить оружие, вы его не отмечаете.","When you would mark a Stress to reload a weapon, you don't mark it."
hi38,item,Hope & Fear,Амулет Бессонного,Insomniac's Periapt,,very_rare,38,,,,,,,,,,https://artex-x.github.io/daggerheart-loot/i/hi38.html,"Если вы отдыхаете, не очищая ни Раны, ни Стресс, вы получаете +2 к броскам атаки и урона до следующего отдыха.","When you take a rest without clearing Hit Points or Stress, you gain a +2 bonus to attack and damage rolls until your next rest."
hi39,item,Hope & Fear,Седло Дикого Наездника,Wildrider's Saddle,,very_rare,39,,,,,,,,,,https://artex-x.github.io/daggerheart-loot/i/hi39.html,"Любое животное, на которое надето это седло, начинает понимать команды всадника.",This saddle grants any animal it's strapped onto the ability to understand their rider's commands.
hi40,item,Hope & Fear,Венцы Душ-Близнецов,Soul-Twin Circlets,,very_rare,40,,,,,,,,,,https://artex-x.github.io/daggerheart-loot/i/hi40.html,"Эту пару венцов могут носить два существа. Вы можете потратить Надежду, чтобы поменяться местами с тем, у кого второй венец.",Two creatures can wear this pair of circlets. You can spend a Hope to switch places with whoever is wearing the other circlet.
hi41,item,Hope & Fear,Оракул Именующего,Namer's Oracle,,very_rare,41,,,,,,,,,,https://artex-x.github.io/daggerheart-loot/i/hi41.html,"Один раз за сессию вы можете бросить этот набор рунических костей, чтобы узнать полное имя последнего человека, которого коснулись.","Once per session, you can roll this set of runic dice to reveal the full name of the last person you touched."
hi42,item,Hope & Fear,Оправа Горнила,Crucible Frames,,very_rare,42,,,,,,,,,,https://artex-x.github.io/daggerheart-loot/i/hi42.html,"Эти очки показывают слабые места предметов и существ. Три раза до следующего отдыха вы можете потратить Надежду, чтобы получить преимущество на бросок атаки.","These eyeglasses reveal weak points in objects and creatures. Three times per rest, you can spend a Hope to gain advantage on an attack roll."
hi43,item,Hope & Fear,Брошь Двуликой Эгиды,Two-Faced Aegis Brooch,,very_rare,43,,,,,,,,,,https://artex-x.github.io/daggerheart-loot/i/hi43.html,Один раз до следующего отдыха подбросьте монету. При орле вы получаете иммунитет к следующему физическому урону. При решке вы получаете иммунитет к следующему магическому урону.,"Once per rest, flip a coin. On heads, you become immune to the next physical damage you take. On tails, you become immune to the next magic damage you take."
hi44,item,Hope & Fear,Браслеты Отбрасывания,Knockback Bracelets,,very_rare,44,,,,,,,,,,https://artex-x.github.io/daggerheart-loot/i/hi44.html,При успешной атаке оружием вы можете отбросить цель на расстояние до Средней дистанции.,"On a successful weapon attack, you can knock your target back up to Close range from their location."
hi45,item,Hope & Fear,Силовой Диск,Force Disc,,very_rare,45,,,,,,,,,,https://artex-x.github.io/daggerheart-loot/i/hi45.html,"Этот мерцающий плоский диск магической силы диаметром в метр привязан к камешку. Диск всегда парит в метре к северу от камешка и на той же высоте. Камешек весит в сто раз меньше того, что лежит на диске.","This shimmering two-dimensional disc of magical force has a 4-foot diameter and is magically tethered to a pebble. The disc always floats 3 feet north of, and at the same elevation as, the pebble. The pebble has a mass equal to one-hundredth of the total mass carried by the disc."
hi46,item,Hope & Fear,Кротовьи Рукавицы,Molepaw Mittens,,very_rare,46,,,,,,,,,,https://artex-x.github.io/daggerheart-loot/i/hi46.html,"Потратьте Надежду, чтобы следующие 10 минут плыть сквозь землю, как сквозь воду.",Spend a Hope to swim through earth as if it were water for the next 10 minutes.
hi47,item,Hope & Fear,Кулон Хранителя Времени,Timekeeper's Pendant,,very_rare,47,,,,,,,,,,https://artex-x.github.io/daggerheart-loot/i/hi47.html,На каждом отдыхе вы можете выбрать дополнительный Ход Отдыха.,You can choose an additional downtime move each rest.
hi48,item,Hope & Fear,Кулон Железного Кинжала,Iron Dagger Pendant,,very_rare,48,,,,,,,,,,https://artex-x.github.io/daggerheart-loot/i/hi48.html,"Один раз до следующего продолжительного отдыха вы можете потратить Надежду и назвать этому кулону имя существа. Кулон мягко тянет вас к этому существу, где бы оно ни было, до вашего следующего продолжительного отдыха.","Once per long rest, you can spend a Hope to tell the pendant a creature's name. The pendant gently pulls you toward that creature's current location until your next long rest."
hi49,item,Hope & Fear,Ошейник Возвышения,Collar of Ascendancy,,legendary,49,,,,,,,,,,https://artex-x.github.io/daggerheart-loot/i/hi49.html,Животное в этом ошейнике получает способность говорить и понимать общую речь.,An animal who wears this collar gains the ability to speak and understand common speech.
hi50,item,Hope & Fear,Убежище Вне Времени,Temporal Sanctuary,,legendary,50,,,,,,,,,,https://artex-x.github.io/daggerheart-loot/i/hi50.html,"Если персонаж игрока отдыхает в этом убежище, он может выбрать дополнительный Ход Отдыха.",A PC who takes a rest in the temporal sanctuary can choose an additional downtime move.
hi51,item,Hope & Fear,Шлем Героя,Hero's Helm,,legendary,51,,,,,,,,,,https://artex-x.github.io/daggerheart-loot/i/hi51.html,"Когда вы выбрасываете критический успех на атаку, все союзники в пределах Средней дистанции получают Надежду.","When you critically succeed on an attack, all allies within Close range gain a Hope."
hi52,item,Hope & Fear,Кольца Дружбы,Rings of Friendship,,legendary,52,,,,,,,,,,https://artex-x.github.io/daggerheart-loot/i/hi52.html,"Эту пару колец в форме свернувшихся змей могут носить два существа. Вы можете тратить Надежду того, у кого второе кольцо (с его разрешения), как свою.",Two creatures can wear this pair of rings shaped like coiled snakes. You can spend the Hope of whoever is wearing the other ring (with their permission) as if it were your own.
hi53,item,Hope & Fear,Кольца Товарищества,Rings of Camaraderie,,legendary,53,,,,,,,,,,https://artex-x.github.io/daggerheart-loot/i/hi53.html,"Эту пару деревянных колец могут носить два существа. Вы можете отмечать Стресс того, у кого второе кольцо (с его разрешения), как свой.",Two creatures can wear this pair of wooden rings. You can mark the Stress of whoever is wearing the other ring (with their permission) as if it were your own.
hi54,item,Hope & Fear,Кольца Союза,Rings of Alliance,,legendary,54,,,,,,,,,,https://artex-x.github.io/daggerheart-loot/i/hi54.html,"Эту пару колец из розового золота могут носить два существа. Один раз за сессию вы можете инициировать Командный Бросок с тем, у кого второе кольцо, не тратя Надежду и не расходуя свой обычный Командный Бросок.","Two creatures can wear this pair of rose gold rings. Once per session, you can initiate a Tag Team Roll with whoever is wearing the other ring without spending Hope or counting against your session limit for Tag Team Rolls."
hi55,item,Hope & Fear,Венец Пожирателя Страха,Phobophage's Circlet,,legendary,55,,,,,,,,,,https://artex-x.github.io/daggerheart-loot/i/hi55.html,"Когда Мастер тратит Страх, бросьте d4. Один раз за сцену, если выпадет 4, вы очищаете Стресс.","When the GM spends a Fear, roll a d4. Once per scene on a result of 4, you clear a Stress."
hi56,item,Hope & Fear,Иглошаль,Quillshawl,,legendary,56,,,,,,,,,,https://artex-x.github.io/daggerheart-loot/i/hi56.html,"Если противник атакует вас Вплотную, он должен преуспеть в Броске Реакции (12) или отметить Рану.","If an adversary attacks you within Melee range, they must succeed on a Reaction Roll (12) or mark a Hit Point."
hi57,item,Hope & Fear,Кулон Искривления,Warp Pendant,,legendary,57,,,,,,,,,,https://artex-x.github.io/daggerheart-loot/i/hi57.html,"Один раз до следующего отдыха отметьте Стресс, чтобы телепортироваться в место, которое вы отчётливо видите.","Once per rest, mark a Stress to teleport to a location you can clearly see."
hi58,item,Hope & Fear,Рамы-Порталы,Portal Frames,,legendary,58,,,,,,,,,,https://artex-x.github.io/daggerheart-loot/i/hi58.html,"Эти две небольшие богато украшенные рамы, красная и синяя, связаны между собой. Всё, что входит в одну, выходит из другой.","This pair of small ornate frames, one red and one blue, are connected. Anything that passes into one exits from the other."
hi59,item,Hope & Fear,Реликвия Единения,Communion Relic,,legendary,59,,,,,,,,,,https://artex-x.github.io/daggerheart-loot/i/hi59.html,"Один раз до следующего отдыха вы можете потратить Надежду, чтобы использовать Опыт союзника как свой. Вы можете носить только одну реликвию.","Once per rest, you can spend a Hope to use an ally's Experience as if it were your own. You can carry only one relic."
hi60,item,Hope & Fear,Реликвия Авгура,Augur's Relic,,legendary,60,,,,,,,,,,https://artex-x.github.io/daggerheart-loot/i/hi60.html,"Один раз до следующего продолжительного отдыха вы можете активировать своё Свойство Надежды, не тратя Надежду. Вы можете носить только одну реликвию.","Once per long rest, you can activate your Hope feature without spending Hope. You can carry only one relic."
hc1,consumable,Hope & Fear,Оберегающая Свеча,Warding Candle,,common,1,,,,,,,,,,https://artex-x.github.io/daggerheart-loot/i/hc1.html,"Зажгите эту свечу, и в пределах Средней дистанции разольётся ореол света. Существо снаружи ореола не может войти в него, если замышляет недоброе против того, кто внутри. Свеча горит час.",You can light this candle to fill an area within Close range with a halo of light. A creature outside the halo can't enter it if they have ill intent toward a creature within it. The candle burns for an hour.
hc2,consumable,Hope & Fear,Радужная Пыль,Iridian Dust,,common,2,,,,,,,,,,https://artex-x.github.io/daggerheart-loot/i/hc2.html,"Этот разноцветный порошок липнет ко всему, и существа, покрытые им, не могут становиться Скрытыми.",This multicolored powder sticks to everything and prevents creatures covered in it from becoming Hidden.
hc3,consumable,Hope & Fear,Семя Вергласа,Verglasian Seed,,common,3,,,,,,,,,,https://artex-x.github.io/daggerheart-loot/i/hc3.html,Этим осколком льда можно мгновенно заморозить участок воды в пределах Средней дистанции.,You can use this ice shard to instantly freeze an area of water up to Close range.
hc4,consumable,Hope & Fear,Безоар Виночерпия,Cupbearer's Bezoar,,common,4,,,,,,,,,,https://artex-x.github.io/daggerheart-loot/i/hc4.html,"Проглотив этот безоар, вы получаете иммунитет к ядам до следующего продолжительного отдыха.",You can swallow this bezoar to become immune to poisons until your next long rest.
hc5,consumable,Hope & Fear,Зелье Мохового Покрова,Mossmantle Potion,,common,5,,,,,,,,,,https://artex-x.github.io/daggerheart-loot/i/hc5.html,"Выпейте этот чай, чтобы до следующего отдыха идеально сливаться с природным окружением.",You can drink this tea to perfectly blend into natural environments until your next rest.
hc6,consumable,Hope & Fear,Пастилка Лирохвоста,Lyrebird Lozenge,,common,6,,,,,,,,,,https://artex-x.github.io/daggerheart-loot/i/hc6.html,"Рассосите эту пастилку, чтобы до конца сцены безупречно подражать любому услышанному голосу.",You can dissolve this lozenge in your mouth to perfectly mimic any voice you've heard until the end of the scene.
hc7,consumable,Hope & Fear,Флакон Мягкого Падения,Vial of Featherfall,,common,7,,,,,,,,,,https://artex-x.github.io/daggerheart-loot/i/hc7.html,"Выпейте это зелье, чтобы следующие 10 минут не получать урон от падения.",You can drink this potion to ignore damage from falling for the next 10 minutes.
hc8,consumable,Hope & Fear,Слюна Химеры,Chimeric Saliva,,common,8,,,,,,,,,,https://artex-x.github.io/daggerheart-loot/i/hc8.html,"Смажьте этой слюной физическое оружие, и до следующего отдыха его урон станет магическим.",You can apply this saliva to a weapon that deals physical damage to change its damage type to magic until your next rest.
hc9,consumable,Hope & Fear,Пакетик Космической Пыли,Packet of Space Dust,,common,9,,,,,,,,,,https://artex-x.github.io/daggerheart-loot/i/hc9.html,"Всё, что покрыто этой пылью, становится легче воздуха. Одного пакетика хватает на содержимое корзины для пикника, а эффект длится час.","This dust causes anything it covers to become lighter than air. One packet contains enough dust to cover the contents of a picnic basket, and the effects last for an hour."
hc10,consumable,Hope & Fear,Трубочное Зелье,Pipeweed,,common,10,,,,,,,,,,https://artex-x.github.io/daggerheart-loot/i/hc10.html,"Когда во время короткого отдыха вы выбираете Ход Отдыха «Снять Стресс», вы можете выкурить этот неопьяняющий лист. Все, кто выбрал этот ход, включая вас, очищают дополнительный Стресс.","When you choose the Clear Stress downtime move during a short rest, you can smoke this non-intoxicating leaf to clear an additional Stress. Any other PCs who chose the Clear Stress downtime move also gain this benefit."
hc11,consumable,Hope & Fear,Порошок Провидца Смерти,Deathseer's Powder,,common,11,,,,,,,,,,https://artex-x.github.io/daggerheart-loot/i/hc11.html,"Посыпьте этим порошком тело недавно умершего, и последняя минута его жизни разыграется перед вами призрачным видением.",You can sprinkle this powder over a recently deceased corpse to conjure a spectral reprise of their final minute of life.
hc12,consumable,Hope & Fear,Соль Истребителя,Slayer's Salt,,common,12,,,,,,,,,,https://artex-x.github.io/daggerheart-loot/i/hc12.html,"Насыпьте эту соль линией по подоконникам или порогам, чтобы создать магический барьер, который нежить не может пересечь, пока линия цела.",You can spread this salt in a line along windowsills or thresholds to create a magical barrier that undead creatures can't cross until the line is broken.
hc13,consumable,Hope & Fear,Молоко Якамеля,Yakamel Milk,,uncommon,13,,,,,,,,,,https://artex-x.github.io/daggerheart-loot/i/hc13.html,"Выпейте это молоко. В следующий раз, когда вы очищаете одну Рану или больше, очистите дополнительную Рану.","After consuming this milk, the next time you clear 1 or more Hit Points, you clear an additional Hit Point."
hc14,consumable,Hope & Fear,Гриб Светящегося Мха,Glowmoss Mushroom,,uncommon,14,,,,,,,,,,https://artex-x.github.io/daggerheart-loot/i/hc14.html,"Разломите этот гриб, и он будет ярко светиться синим до следующего продолжительного отдыха.","You can break this mushroom into pieces, causing it to glow bright blue until your next long rest."
hc15,consumable,Hope & Fear,Масло Алой Слизи,Red Ooze Oil,,uncommon,15,,,,,,,,,,https://artex-x.github.io/daggerheart-loot/i/hc15.html,"Смажьте этим маслом оружие. При следующей успешной атаке этим оружием вы наносите дополнительно 1d8 магического урона и временно Поджигаете цель. Пока цель Подожжена, она получает 1d4 магического урона, когда её активируют.","You can coat your weapon in this oil. The next successful attack you make with this weapon deals an extra 1d8 magic damage and temporarily Ignites the target. While Ignited, the target takes 1d4 magic damage when they take the spotlight."
hc16,consumable,Hope & Fear,Мгновенный Лагерь,Instant Camp,,uncommon,16,,,,,,,,,,https://artex-x.github.io/daggerheart-loot/i/hc16.html,"Эта небольшая механическая коробка раскладывается в палатку, где безопасно помещаются шесть человек. В конце вашего следующего продолжительного отдыха палатка оседает.",You can unfold this small mechanical box into a camping tent large enough to safely house six people. The tent collapses at the end of your next long rest.
hc17,consumable,Hope & Fear,Связка Паучьих Лапок,Bundle of Spiderlegs,,uncommon,17,,,,,,,,,,https://artex-x.github.io/daggerheart-loot/i/hc17.html,"Съешьте эти лапки, чтобы до следующего отдыха ходить по стенам.",You can eat these spiderlegs to walk on walls until your next rest.
hc18,consumable,Hope & Fear,Бутыль Цисканского Тумана,Ciscan Fog Bottle,,uncommon,18,,,,,,,,,,https://artex-x.github.io/daggerheart-loot/i/hc18.html,"Разбейте этот сосуд, чтобы заполнить область в пределах Средней дистанции магическим туманом. Существо, вошедшее в туман, очищает Стресс и становится Скрытым.",You can break this jar to fill the area within Close range with magical mist. A creature who enters the mist clears a Stress and becomes Hidden.
hc19,consumable,Hope & Fear,Семя Хваткого Терна,Snapthorn Seed,,uncommon,19,,,,,,,,,,https://artex-x.github.io/daggerheart-loot/i/hc19.html,"Бросьте это семя в точку, которую вы видите. Оно взрывается клубком опутывающих лоз, которые временно Обездвиживают всех существ в пределах Средней дистанции от этой точки.",You can throw this seed at a point you can see. It explodes into a tangle of binding vines that temporarily Restrains all creatures within Close range of that point.
hc20,consumable,Hope & Fear,Бутыль с Духом,Sprite Bottle,,uncommon,20,,,,,,,,,,https://artex-x.github.io/daggerheart-loot/i/hc20.html,"Когда вы отмечаете последнюю Рану, эта бутыль разбивается и выпускает запертого внутри духа. Дух очищает все ваши Раны, после чего исчезает из Царства смертных.","When you mark your last Hit Point, this bottle shatters to release the Sprite inside. The Sprite clears all your Hit Points before fading from the Mortal Realm."
hc21,consumable,Hope & Fear,Гравитационная Бомба,Gravity Bomb,,uncommon,21,,,,,,,,,,https://artex-x.github.io/daggerheart-loot/i/hc21.html,Бросьте этот механический шар размером с персик в точку в пределах Далекой дистанции. Он схлопывается и притягивает Вплотную к себе всех существ и все предметы в пределах Средней дистанции от этой точки.,You can throw this peach-sized mechanical orb at a point within Far range. It implodes and pulls all creatures and objects within Close range of that point into Melee range with it.
hc22,consumable,Hope & Fear,Цветок Сплетен,Gossip Flower,,uncommon,22,,,,,,,,,,https://artex-x.github.io/daggerheart-loot/i/hc22.html,"Посадите это семя в землю. Оно мгновенно вырастает в цветок, который до недели запоминает всё, что слышит. Сорванный цветок пересказывает услышанное слово в слово, после чего вянет.","You can plant this seed in soil. It instantly grows into a small flower that records everything it hears for up to one week. When plucked, the flower recites what it recorded in real time, then withers."
hc23,consumable,Hope & Fear,Жетон Подмены,Displacement Token,,uncommon,23,,,,,,,,,,https://artex-x.github.io/daggerheart-loot/i/hc23.html,"Проглотите этот жетон, чтобы создать двух своих иллюзорных двойников, которыми вы можете управлять. Каждый двойник существует, пока не получит урон или до следующего отдыха.",You can swallow this token to conjure two illusions of yourself that you can control. Each illusion lasts until it takes damage or until your next rest.
hc24,consumable,Hope & Fear,Пыль Ночной Карги,Night Hag's Dust,,uncommon,24,,,,,,,,,,https://artex-x.github.io/daggerheart-loot/i/hc24.html,"Сдуйте эту пыль в лицо противнику, чтобы он не мог очистить Стресс до вашего следующего продолжительного отдыха.",You can blow this dust in an adversary's face to prevent them from clearing Stress until your next long rest.
hc25,consumable,Hope & Fear,Самошьющая Нить,Self-Sewing Thread,,rare,25,,,,,,,,,,https://artex-x.github.io/daggerheart-loot/i/hc25.html,"Этой нитью можно очистить либо Рану, либо 2 Ячейки Брони.",You can use this thread to clear either a Hit Point or 2 Armor Slots.
hc26,consumable,Hope & Fear,Удача Каменщика,Stonemason's Fortune,,rare,26,,,,,,,,,,https://artex-x.github.io/daggerheart-loot/i/hc26.html,"Бросьте этот серый кирпич на землю, и он мгновенно вырастет в стену из цельного камня высотой два метра, шириной три метра и толщиной полметра.","When you throw this gray brick on the ground, it immediately grows into a 6-foot-tall, 10-foot-wide, and 2-foot-deep wall of solid stone."
hc27,consumable,Hope & Fear,Мнемоническое Зелье,Mnemonic Potion,,rare,27,,,,,,,,,,https://artex-x.github.io/daggerheart-loot/i/hc27.html,"Выпейте это зелье, чтобы использовать Опыт, не тратя Надежду.",You can drink this potion to Utilize an Experience without spending a Hope.
hc28,consumable,Hope & Fear,Мазь Саламандры,Salamander Salve,,rare,28,,,,,,,,,,https://artex-x.github.io/daggerheart-loot/i/hc28.html,"Нанесите эту мазь на кожу, чтобы до следующего отдыха получить иммунитет к жару.",You can apply this salve to your skin to make yourself immune to heat until your next rest.
hc29,consumable,Hope & Fear,Масло Зелёной Слизи,Green Ooze Oil,,rare,29,,,,,,,,,,https://artex-x.github.io/daggerheart-loot/i/hc29.html,"Смажьте этим маслом оружие. При следующей успешной атаке этим оружием вы наносите дополнительно 1d8 магического урона и временно Разъедаете цель. Пока цель Разъедена, она получает штраф -2 к порогам урона.","You can coat your weapon in this oil. The next successful attack you make with this weapon deals an extra 1d8 magic damage and temporarily Corrodes the target. While Corroded, the target gains a -2 penalty to their damage thresholds."
hc30,consumable,Hope & Fear,Сфера Солнечного Света,Sunlight Orb,,rare,30,,,,,,,,,,https://artex-x.github.io/daggerheart-loot/i/hc30.html,"Разбейте эту сферу, и целые сутки область в пределах Очень Далекой дистанции будет выглядеть так, будто стоит солнечный день.",You can shatter this orb to make the area within Very Far range appear as though it's sunlit daytime for the next 24 hours.
hc31,consumable,Hope & Fear,Сфера Лунного Света,Moonlight Orb,,rare,31,,,,,,,,,,https://artex-x.github.io/daggerheart-loot/i/hc31.html,"Разбейте эту сферу, и целые сутки область в пределах Очень Далекой дистанции будет выглядеть так, будто стоит лунная ночь.",You can shatter this orb to make the area within Very Far range appear as though it's moonlit nighttime for the next 24 hours.
hc32,consumable,Hope & Fear,Фляга Мидаса,Midas Flask,,rare,32,,,,,,,,,,https://artex-x.github.io/daggerheart-loot/i/hc32.html,"Вылейте на обыденный предмет алхимическую жидкость из этой небольшой фляги, и он мгновенно превратится в горсть золота.",You can pour this small flask of alchemical liquid over a mundane item to instantly transmute it into a handful of gold.
hc33,consumable,Hope & Fear,Посох Обращения,Staff of Reversal,,rare,33,,,,,,,,,,https://artex-x.github.io/daggerheart-loot/i/hc33.html,"Сломайте этот посох о землю, чтобы обратить одно магическое превращение или эффект в пределах Далекой дистанции.",You can break this staff against the ground to reverse one magical transformation or effect within Far range.
hc34,consumable,Hope & Fear,Варево Берсерка,Berserker's Brew,,rare,34,,,,,,,,,,https://artex-x.github.io/daggerheart-loot/i/hc34.html,"Выпив это варево, вы получаете бонус к Силе и штраф к Искусности и Знанию, равные вашему Инстинкту (минимум 1). Эффект длится до следующего отдыха или пока вы не совершите Предсмертный Ход.","When you drink this dram of liquid, you gain a bonus to your Strength and a penalty to your Finesse and Knowledge equal to your Instinct (minimum 1). This effect lasts until you make a death move or until your next rest."
hc35,consumable,Hope & Fear,Осколок Эмберита,Emberite Shard,,rare,35,,,,,,,,,,https://artex-x.github.io/daggerheart-loot/i/hc35.html,"Выберите точку в пределах Далекой дистанции. Все цели в пределах Средней дистанции от неё должны преуспеть в Броске Реакции (16) или получить 3d6 магического урона и временно оказаться Объятыми пламенем. Пока существо Объято пламенем, оно бросает d4 при каждом броске действия. При результате 1 оно отмечает Рану, при результате 4 снимает это состояние.","Choose a point within Far range. All targets within Close range of that point must succeed on a Reaction Roll (16) or take 3d6 magic damage and become temporarily Ablaze. While Ablaze, a creature must roll a d4 whenever they make an action roll. On a result of 1, they mark a Hit Point. On a result of 4, they clear the Ablaze condition."
hc36,consumable,Hope & Fear,Осколок Арктицита,Arcticite Shard,,rare,36,,,,,,,,,,https://artex-x.github.io/daggerheart-loot/i/hc36.html,Выберите точку в пределах Далекой дистанции. Все цели в пределах Средней дистанции от неё должны преуспеть в Броске Реакции (16) или получить 3d6 магического урона и временно стать Обездвиженными льдом.,Choose a point within Far range. All targets within Close range of that point must succeed on a Reaction Roll (16) or take 3d6 magic damage and become temporarily Restrained by ice.
hc37,consumable,Hope & Fear,Осколок Фульгурита,Fulgurite Shard,,very_rare,37,,,,,,,,,,https://artex-x.github.io/daggerheart-loot/i/hc37.html,"Выберите точку в пределах Далекой дистанции. Все цели в пределах Средней дистанции от неё должны преуспеть в Броске Реакции (16) или получить 3d6 магического урона и отметить 1d4 Стресса, пока область прошивают молнии.",Choose a point within Far range. All targets within Close range of that point must succeed on a Reaction Roll (16) or take 3d6 magic damage and mark 1d4 Stress as lightning crackles through the area.
hc38,consumable,Hope & Fear,Настой Демиурга,Demiurge's Draught,,very_rare,38,,,,,,,,,,https://artex-x.github.io/daggerheart-loot/i/hc38.html,"Выпейте этот настой, чтобы получить +1 к Мастерству для следующего успешного броска атаки.",You can drink this draught to gain a +1 bonus to your Proficiency for your next successful attack roll.
hc39,consumable,Hope & Fear,Чай из Петушиного Когтя,Cockerel Claw Tea,,very_rare,39,,,,,,,,,,https://artex-x.github.io/daggerheart-loot/i/hc39.html,"Выпейте этот чай, чтобы обновить свои свойства так, будто вы совершили продолжительный отдых.",You can drink this tea to refresh your features as if you had taken a long rest.
hc40,consumable,Hope & Fear,Зелье Бдительности,Potion of Vigilance,,very_rare,40,,,,,,,,,,https://artex-x.github.io/daggerheart-loot/i/hc40.html,"Выпейте это зелье, чтобы получить +1 к Уклонению, пока не отметите Рану.",You can drink this potion to gain a +1 bonus to your Evasion until you mark a Hit Point.
hc41,consumable,Hope & Fear,Какофоническая Микстура,Cacophonous Concoction,,very_rare,41,,,,,,,,,,https://artex-x.github.io/daggerheart-loot/i/hc41.html,"Выпейте это зелье, и на час всё, что вы скажете или сделаете, станет невозможно пересказать. Любые попытки свидетелей передать увиденное, услышанное или иначе воспринятое выходят искажёнными или бессмысленными.","When you drink this potion, anything you say or do in the next hour becomes impossible for a witness to recount. Any attempts they make to communicate what they saw, heard, or otherwise sensed comes out garbled or nonsensical."
hc42,consumable,Hope & Fear,Медовуха Кошмаров,Nightmare Mead,,very_rare,42,,,,,,,,,,https://artex-x.github.io/daggerheart-loot/i/hc42.html,"Выпейте это зелье, чтобы узнать глубочайший страх следующего человека, с которым встретитесь взглядом. Когда вы это делаете, Мастер получает Страх.","You can drink this potion to discover the deepest fear of the next person you make eye contact with. When you do, the GM gains a Fear."
hc43,consumable,Hope & Fear,Кол Запрета,Stake of Abjuration,,very_rare,43,,,,,,,,,,https://artex-x.github.io/daggerheart-loot/i/hc43.html,"Вбейте этот кол в землю и объявите запрет. До следующего отдыха каждое существо в пределах Далекой дистанции от кола, нарушившее запрет, должно отметить Стресс. Затем кол рассыпается.","You can hammer this stake into the ground and make a proclamation. Until your next rest, a creature within Far range of the stake who transgresses that proclamation must mark a Stress. The stake lasts until your next rest, then it shatters."
hc44,consumable,Hope & Fear,Саван Проводника Душ,Psychopomp's Shroud,,very_rare,44,,,,,,,,,,https://artex-x.github.io/daggerheart-loot/i/hc44.html,Накройте этим саваном тело недавно умершего существа. Дух умершего входит в саван и служит вам призрачным помощником до следующего рассвета. На рассвете он уходит за завесу смерти и забирает саван с собой.,"You can place this shroud over the corpse of a recently deceased creature. The creature's spirit enters the shroud and becomes your spectral assistant until the next sunrise, when they pass through the veil of death and take the shroud with them."
hc45,consumable,Hope & Fear,Пузырёк Глубинных Чернил,Phial of Deep Ink,,very_rare,45,,,,,,,,,,https://artex-x.github.io/daggerheart-loot/i/hc45.html,"Выпейте чернила из этого пузырька, чтобы на час превратиться в головоногого моллюска примерно вашего размера. Вы получаете упругую кожу, мягкие кости и способность дышать под водой, а конечностей у вас становится восемь.","You can drink this bottle of ink to transform into a cephalopod of roughly your size for the next hour. You gain rubbery skin, soft bones, the ability to breathe underwater, and new limbs until you have eight total."
hc46,consumable,Hope & Fear,Тоник Месмера,Mesmer's Tonic,,very_rare,46,,,,,,,,,,https://artex-x.github.io/daggerheart-loot/i/hc46.html,"Выпейте этот тоник, и до следующего отдыха вы не будете слышать ничего, кроме поверхностных мыслей существ в пределах Близкой дистанции.","When you drink this tonic, the only thing you can hear until your next rest are the surface thoughts of creatures within Very Close range."
hc47,consumable,Hope & Fear,Зелье Невидимости,Invisibility Potion,,very_rare,47,,,,,,,,,,https://artex-x.github.io/daggerheart-loot/i/hc47.html,"Вы Скрыты, пока не нанесёте урон другому существу или до следующего отдыха.",You are Hidden until you deal damage to another creature or until your next rest.
hc48,consumable,Hope & Fear,Формоидная Сыворотка,Formoid Serum,,very_rare,48,,,,,,,,,,https://artex-x.github.io/daggerheart-loot/i/hc48.html,"Выпейте это зелье, чтобы до конца сцены стать роем из 16 миллионов муравьёв. Вы сохраняете доступ ко всему снаряжению, добыче и свойствам.","You can drink this potion to become a swarm of 16 million ants until the end of the scene. You keep and have access to all equipment, loot, and features."
hc49,consumable,Hope & Fear,Мазь Стальной Кожи,Steelskin Salve,,legendary,49,,,,,,,,,,https://artex-x.github.io/daggerheart-loot/i/hc49.html,"Нанесите эту мазь на кожу, чтобы до конца сцены получить бонус к порогам урона, равный вашему Рангу.",You can apply this salve to your skin to gain a bonus to your damage thresholds equal to your tier until the end of the scene.
hc50,consumable,Hope & Fear,Помело Божка,Godling's Pomelo,,legendary,50,,,,,,,,,,https://artex-x.github.io/daggerheart-loot/i/hc50.html,"Съешьте этот плод, чтобы очистить все Раны и Стресс.",You can eat this citrus fruit to clear all Hit Points and Stress.
hc51,consumable,Hope & Fear,Настойка Змеиной Кожи,Snakeskin Spirit,,legendary,51,,,,,,,,,,https://artex-x.github.io/daggerheart-loot/i/hc51.html,"Выпейте это зелье, чтобы сбросить внешний слой кожи и залечить шрам.",You can drink this potion to slough off your outer layer of skin and heal a scar.
hc52,consumable,Hope & Fear,Проклятие Заклинателя,Magic-User's Malison,,legendary,52,,,,,,,,,,https://artex-x.github.io/daggerheart-loot/i/hc52.html,"Освободив заточённую душу заклинателя, вы можете сотворить одно заклинание с карты из Хранилища, будто она у вас в Руке. С картами, убранными туда навсегда, это не работает.","When you release this spellcaster's trapped soul, you can cast one spell from a card in your vault as if it were in your loadout. This doesn't work for permanently vaulted cards."
hc53,consumable,Hope & Fear,Квинтэссенциальный Разделитель,Quintessential Severant,,legendary,53,,,,,,,,,,https://artex-x.github.io/daggerheart-loot/i/hc53.html,"Этим магическим клинком можно разрубить одну магическую или метафизическую связь: чары, договор, привязку или божественную клятву. После этого клинок рассыпается.","You can use this magic blade to cut one magical or metaphysical bond, such as an enchantment, contract, magical tether, or divine oath. When you do, the blade shatters."
hc54,consumable,Hope & Fear,Маска Отражённого «Я»,Mask of the Echoed Self,,legendary,54,,,,,,,,,,https://artex-x.github.io/daggerheart-loot/i/hc54.html,"Наденьте эту маску во время следующего повышения уровня, чтобы поменять местами значения любых своих характеристик. После этого маска станет вашим постоянным лицом.","You can wear this mask during your next level up to swap the values of any of your traits. When you do, the mask becomes your permanent face."
hc55,consumable,Hope & Fear,Колокол Некроплясуна,Necroprancer's Bell,,legendary,55,,,,,,,,,,https://artex-x.github.io/daggerheart-loot/i/hc55.html,"Разбейте о землю этот ржавый колокол без языка, чтобы призвать костяного скакуна: он выберется из земли и будет служить вам до следующего рассвета.","You can break this rusted, clapperless bell against the ground to summon a skeletal steed that climbs out of the earth and serves you until the next sunrise."
hc56,consumable,Hope & Fear,Драконья Мантия,Drakemantle,,legendary,56,,,,,,,,,,https://artex-x.github.io/daggerheart-loot/i/hc56.html,"Эта зачарованная шкура древнего дракона даёт вам драконьи черты до конца сцены, после чего спадает лохмотьями. До тех пор вы можете летать и получаете +5 к порогам урона и +1 к Мастерству.","You can use this enchanted ancient dragon hide to gain draconic characteristics until the end of the scene, when the hide falls aways in tatters. Until then, you can fly and gain a +5 bonus to your damage thresholds and a +1 bonus to your Proficiency."
hc57,consumable,Hope & Fear,Ошибка Игрока,Gambler's Fallacy,,legendary,57,,,,,,,,,,https://artex-x.github.io/daggerheart-loot/i/hc57.html,Опустите в эту керамическую копилку в форме свиньи любое количество горстей золота. Бросьте её в точку в пределах Далекой дистанции: копилка взрывается и наносит всем существам в пределах Средней дистанции по 1d20 магического урона за каждую опущенную горсть. Золото внутри уничтожается.,"You can spend any number of handfuls of gold by placing them into this slotted ceramic jar shaped like a pig. When you throw the jar at a point within Far range, it explodes and deals 1d20 magic damage for each handful of gold spent to all creatures within Close range of that point. All gold within the jar is destroyed."
hc58,consumable,Hope & Fear,Тоник Львиного Сердца,Lionheart Tonic,,legendary,58,,,,,,,,,,https://artex-x.github.io/daggerheart-loot/i/hc58.html,"Выпейте этот тоник, чтобы получить +1 к Мастерству, пока не совершите бросок со Страхом.",You can drink this tonic to gain a +1 bonus to your Proficiency until you roll with Fear.
hc59,consumable,Hope & Fear,Слёзы Бессмертного Героя,Tears of the Undying Hero,,legendary,59,,,,,,,,,,https://artex-x.github.io/daggerheart-loot/i/hc59.html,"Выпив это зелье, вы недосягаемы для смерти до следующего продолжительного отдыха. Когда вы должны отметить последнюю Рану, вместо Предсмертного Хода вы совершаете один последний бросок действия и погружаетесь в сон без сновидений. Вы спите, пока союзник не выберет Ход Отдыха «Залечить рану», чтобы очистить ваши Раны.","When you drink this potion, death can't touch you until your next long rest. When you would mark your last Hit Point, instead of making a death move, you make one final action roll before falling into a dreamless slumber until an ally chooses the Tend to Wounds downtime move to clear your Hit Points."
hc60,consumable,Hope & Fear,Зелье Лёгкой Поступи,Featherstep Potion,,legendary,60,,,,,,,,,,https://artex-x.github.io/daggerheart-loot/i/hc60.html,"Выпейте это зелье, и у вас на лодыжках вырастут небольшие крылья. До следующего отдыха вы получаете бонус к Уклонению, равный вашему Рангу.",You can drink this potion to sprout small wings from your ankles that give you a bonus to your Evasion equal to your tier until your next rest.
w1,consumable,Wondrous Loot,Смола Бездны,Abyssal Sap,,,1,,,,,,,,,,https://artex-x.github.io/daggerheart-loot/i/w1.html,"Вы можете бросить флакон этой смолы в цель в пределах Далекой дистанции, воспроизводя эффект заклинания «Неистовое опутывание».",You can throw a vial of this sap at a target within Far range to have the effect of the Vicious Entangle spell.
w2,consumable,Wondrous Loot,Чай Эфироцвета,Aetherflower Tea,,,2,,,,,,,,,,https://artex-x.github.io/daggerheart-loot/i/w2.html,До следующего отдыха вы можете обнаруживать присутствие магии как слабую ауру вокруг видимых объектов в пределах Близкой дистанции.,"Until your next rest, you can detect the presence of magic as a faint aura around visible objects within Very Close range."
w3,item,Wondrous Loot,Эфироцвет,Aetherflower,,,3,,,,,,,,w2,,https://artex-x.github.io/daggerheart-loot/i/w3.html,"Этот цветок чувствителен к магии и указывает в направлении сильнейшего источника магии в пределах Близкой дистанции. Он вянет, когда вы в первый раз отдохнёте после сбора.","This flower is sensitive to magic, and will point in the direction of the strongest source of magic within Very Close range. It withers when you take your first rest after harvesting it."
w4,item,Wondrous Loot,Алконитовый Кристалл,Alconite Crystal,,,4,,,,,,,,,,https://artex-x.github.io/daggerheart-loot/i/w4.html,"Вы можете использовать энергию этого кристалла, чтобы получить бонус 1d4 к Броску Заклинания. Вы можете зарядить его в качестве Хода Отдыха, погрузив в солёную воду.",You can expend the energy in this crystal to gain a 1d4 bonus to a Spellcast Roll. You can recharge it as a downtime move by immersing it in salt water.
w5,item,Wondrous Loot,Удерживающий Крюк,Anchoring Hook,,,5,,,,,,,,,,https://artex-x.github.io/daggerheart-loot/i/w5.html,"Когда вы совершаете Бросок Реакции, чтобы избежать перемещения против вашей воли, вы можете задействовать этот крюк, получив преимущество на броску и сопротивление любому урону от перемещения.","When you make a reaction roll to avoid being moved against your will, you can deploy this anchor to gain advantage on the roll, and resistance to any damage you take from the movement."
w6,item,Wondrous Loot,Древний Рунный Камень,Ancient Runestone,,,6,,,,,,,,,,https://artex-x.github.io/daggerheart-loot/i/w6.html,"Обведите пальцем эту забытую руну и потратьте Надежду, чтобы бросить d6: 1 - отметьте Стресс; 2-3 - ничего не происходит; 4-5 - преимущество на следующему Броску Заклинания; 6 - очистите весь Стресс.",Trace this forgotten rune with your finger and spend a Hope to roll a d6. 1: mark a Stress. 2-3: nothing happens. 4- 5: you gain advantage on your next Spellcast Roll. 6: clear all Stress.
w7,secondary,Wondrous Loot,Арканный Скальпель,Arcane Scalpel,0,,7,magic,Finesse,Far,d6+2 mag,One-Handed,,,,,https://artex-x.github.io/daggerheart-loot/i/w7.html,Нематериальный: скальпель наносит Раны магически на расстоянии как прямой урон.,Incorporeal: The scalpel deals its wounds magically to the target at a distance as direct damage.
w8,consumable,Wondrous Loot,Арканная Набивка,Arcane Stuffing,,,8,,,,,,,,,,https://artex-x.github.io/daggerheart-loot/i/w8.html,"Когда вы набиваете мёртвое существо этими пропитанными магией опилками в качестве Хода Отдыха, оно становится ожившим слугой, как по свойству «Создание конструкта» из «Книги Экзоты».","When you stuff a dead creature with this magic-infused sawdust as a downtime move, it becomes an animate servant, as if by the Book of Exota ""Create Construct"" feature."
w9,consumable,Wondrous Loot,Архивная Гниль,Archivist's Rot,,,9,,,,,,,,w87,,https://artex-x.github.io/daggerheart-loot/i/w9.html,"На время сцены вы получаете преимущество ко всем броскам Инстинкта, но при провале такого броска вы должны отметить Стресс.","For the scene, you have advantage on all Instinct rolls, but if you fail such a roll, you must mark a Stress."
w10,consumable,Wondrous Loot,Челюсти Астрального Термита,Astral Termite Jaws,,,10,,,,,,,,,,https://artex-x.github.io/daggerheart-loot/i/w10.html,"С помощью этих челюстей вы можете прогрызть любую стену, создав портал к другой стене в пределах Далекой дистанции.","Using these jaws, you can chew into any wall to create a portal to another wall within Far range."
w11,consumable,Wondrous Loot,Камень Возврата,Backsies Stone,,,11,,,,,,,,,,https://artex-x.github.io/daggerheart-loot/i/w11.html,"Вы можете проглотить этот камень и потратить всю Надежду (минимум 1), чтобы «отозвать» последнюю фразу, произнесённую вами в этой сцене. Реальность меняется так, словно эти слова никогда не были сказаны, и все их последствия отменяются.","You can swallow this stone and spend all your Hope (minimum 1) to unsay the last sentence you spoke within this scene. Reality is altered so that the words were never said, and all their consequences are undone."
w12,item,Wondrous Loot,Отвадитель Жуков,Big Bug Begone,,,12,,,,,,,,,,https://artex-x.github.io/daggerheart-loot/i/w12.html,"Один раз до следующего отдыха наведите эту антенну гигантского жука на любое гигантское беспозвоночное в пределах Средней дистанции, принудив его к Броску Реакции (15). При провале оно навсегда превращается в существо нормального размера того же вида.","Once per rest, point this giant beetle antenna at any giant invertebrate within Close range and force it to make a Reaction Roll (15). On a failure, it is permanently transformed into a normal-sized creature of the same kind."
w13,consumable,Wondrous Loot,Кровь Кайдзю,Blood of the Kaiju,,,13,,,,,,,,,,https://artex-x.github.io/daggerheart-loot/i/w13.html,"Когда вы выпиваете эту кровь, ваша Кость Надежды становится d20 до конца сцены. Когда эффект заканчивается, отметьте весь оставшийся Стресс.","When you drink this ichor, your Hope Die becomes a d20 until the end of the scene. When it ends, mark all your remaining Stress slots."
w14,consumable,Wondrous Loot,Лепесток Цветочной Вуали,Blossomveil Petal,,,14,,,,,,,,,,https://artex-x.github.io/daggerheart-loot/i/w14.html,До следующего короткого или продолжительного отдыха вы получаете преимущество на следующему Броску Реакции Влияния. Лепесток уничтожается на солнечном свету.,You have advantage on your next Presence Reaction Roll until a short or long rest. The petal is destroyed in sunlight.
w15,item,Wondrous Loot,Тростник Трясинного Стекла,Bogglass Reed,,,15,,,,,,,,,,https://artex-x.github.io/daggerheart-loot/i/w15.html,"Один раз до следующего отдыха, держа этот тростник, вы можете стать в центре внимания, когда Мастер тратит Страх.","Once per rest, while holding this reed, you can take the spotlight when the GM spends a Fear."
w16,consumable,Wondrous Loot,Книга Беспамятства,Book of No History,,,16,,,,,,,,,,https://artex-x.github.io/daggerheart-loot/i/w16.html,"Когда вы читаете эту книгу, она рассказывает вашу биографию. Если затем стереть части или вырвать страницы, эти события вашего прошлого будут забыты. Никто, кроме вас, не будет помнить вашего участия в них.","When you read this book, it tells your own biography. If you then erase parts of it or tear out pages, those elements of your past are forgotten. No one other than you remembers your part in them."
w17,consumable,Wondrous Loot,Варенье из Грохотягод,Boomberry Jam,,,17,,,,,,,,,,https://artex-x.github.io/daggerheart-loot/i/w17.html,"Банка содержит 5 порций. Одна порция составляет сытный обед. Также вы можете бросить банку в точку в пределах Далекой дистанции. Все существа в пределах Средней дистанции получают Xd8+4 физического урона, где X - количество оставшихся порций.","A jar of this jam contains 5 portions. A single portion makes a tasty meal. Alternatively, you can throw the jar at a point within Far range. All creatures within Close range of it take Xd8+4 physical damage, where X is the number of portions remaining."
w18,consumable,Wondrous Loot,Грохотягода,Boomberry,,,18,,,,,,,,w17,,https://artex-x.github.io/daggerheart-loot/i/w18.html,"Двух ягод достаточно для полноценного обеда, но если при поедании выпадет 1 на d12, они взрываются, вынуждая вас отметить 2 Раны и 2 Стресса.","Two of these berries will suffice for a full meal, but when you eat them, on a roll of 1 on a d12 they explode, causing you to mark 2 HP and 2 Stress."
w19,consumable,Wondrous Loot,Монета-Бум,Boomcoin,,,19,,,,,,,,,,https://artex-x.github.io/daggerheart-loot/i/w19.html,"Потратьте Надежду, чтобы активировать монету и запустить Отсчёт (4). Когда Отсчёт срабатывает, монета взрывается, нанося 3d6 физического урона всем целям в пределах Близкой дистанции. Цели за пределами дистанции Вплотную, преуспевшие в Броске Реакции Проворности (12), урона не получают.","Spend a Hope to activate the coin and start a Countdown (4). When the countdown triggers, the coin explodes, dealing 3d6 physical damage to all targets within Very Close range. Targets outside Melee range that succeed on an Agility Reaction Roll (12) take no damage."
w20,consumable,Wondrous Loot,Песня в Бутылке,Bottled Song,,,20,,,,,,,,,,https://artex-x.github.io/daggerheart-loot/i/w20.html,Открытие бутылки высвобождает прекрасную мелодию. Все существа в пределах Близкой дистанции очищают один Стресс.,Opening the bottle releases a beautiful melody. All creatures within Very Close range clear a Stress.
w21,item,Wondrous Loot,Пузырная Палочка,Bubble Wand,,,21,,,,,,,,,,https://artex-x.github.io/daggerheart-loot/i/w21.html,"Один раз за продолжительный отдых вы можете активировать эту палочку при успешном Броске Искусности (10), создав поток пузырей, которые дают помеху на следующей атаке против вас. Если атака промахивается, вы получаете Надежду.","Once per long rest, you can activate this wand with a successful Finesse Roll (10) to produce a stream of bubbles, giving disadvantage on the next attack against you. If the attack misses, you gain a Hope."
w22,secondary,Wondrous Loot,Щит Охотника на Жуков,Bug Hunter's Aegis,0,,22,physical,Strength,Melee,d4 phy,One-Handed,,,,,https://artex-x.github.io/daggerheart-loot/i/w22.html,"Прихлопыватель: +1 к Показателю Брони; отметьте Стресс, чтобы сбить на землю летящее существо меньше вас, находящееся Вплотную.",Swatter: +1 to Armor Score; mark a Stress to knock a flying creature smaller than you within Melee range to the ground.
w23,item,Wondrous Loot,Усмиряющее Кадило,Calming Censer,,,23,,,,,,,,,,https://artex-x.github.io/daggerheart-loot/i/w23.html,"Это приспособление рассеивает дым, успокаивающий насекомых и других жуков в пределах Средней дистанции, давая им помеху на атаки до конца сцены. Когда оно догорает, его нужно снова наполнить душистыми травами.","This contraption disperses smoke that calms insects and other bugs up to Close range of you, giving them disadvantage on attacks for the scene. Once burned, it needs refilling with fragrant herbs."
w24,consumable,Wondrous Loot,Яйцо Катартоида,Cathartoid Egg,,,24,,,,,,,,,,https://artex-x.github.io/daggerheart-loot/i/w24.html,"В качестве Предсмертного Хода вы можете разбить это яйцо. Вы восстаёте в облике древней чернокрылой птицы со всеми своими воспоминаниями, но вашим единственным желанием отныне становится обитать в Санктуме Морталис.","As a death move, you can break this egg. You rise again in the form of an ancient, black-winged avian with all your memories, but your only desire is now to reside in the Sanctum Mortalis."
w25,weapon,Wondrous Loot,Когти Ифанга,Claws of Yifang,0,,25,magic,Presence,Far,d8+4 mag,One-Handed,,,,,https://artex-x.github.io/daggerheart-loot/i/w25.html,"Накопление: когда вы получаете магический урон, вы можете отметить Стресс, чтобы вдвое уменьшить урон и сохранить остаток в Когтях. Накопленный урон прибавляется к следующему броску урона Когтями.","Channeling: When you take magic damage, you can mark a Stress to halve the damage and store the rest in the Claws. The stored damage is added to your next damage roll with the Claws."
w26,item,Wondrous Loot,Кувшинка-Пифия,Croakroot Pad,,,26,,,,,,,,,,https://artex-x.github.io/daggerheart-loot/i/w26.html,"В качестве Хода Отдыха вы можете медитировать на этой кувшинке, задав Мастеру вопрос о вашем прошлом или будущем. До следующего отдыха вы получаете 1d6 магического урона при каждом броске Инстинкта со Страхом.",As a downtime move you can meditate on this pad to ask the GM a question about your past or future. Until your next rest you take 1d6 magic damage whenever you make an Insight Roll with Fear.
w27,consumable,Wondrous Loot,Кристаллы Иномирья,Crystals from Beyond,,,27,,,,,,,,,,https://artex-x.github.io/daggerheart-loot/i/w27.html,"Эти лазурные камни содержат сущность иных миров. Если разбить их магическим уроном, растения и животные в пределах Средней дистанции мутируют в чуждые формы.","These azure stones contain the essence of other worlds. If broken by magic damage, they cause plants and animals within Close range to mutate into alien forms."
w28,consumable,Wondrous Loot,Тёмный Камень,Darkstone,,,28,,,,,,,,,,https://artex-x.github.io/daggerheart-loot/i/w28.html,"Если этот ониксовый камень подвергается воздействию магического света, он взрывается, нанося 2d6 магического урона любому существу в пределах Близкой дистанции, которое проваливает Бросок Реакции Проворности (14)","If this onyx stone is exposed to magical light, it explodes, dealing 2d6 magic damage to any creature within Very Close range of it that fails an Agility Reaction Roll (14)"
w29,consumable,Wondrous Loot,Желчь Демонической Жабы,Demon Toad Bile,,,29,,,,,,,,,,https://artex-x.github.io/daggerheart-loot/i/w29.html,"Когда эта жидкость контактирует с воздухом, запустите Отсчёт (4). Когда он срабатывает, жидкость взрывается, нанося 2d6 физического урона любому существу в пределах Близкой дистанции.","When this liquid is exposed to air, start a Countdown (4). When it triggers, the liquid explodes, dealing 2d6 physical damage to any creature within Very Close range."
w30,item,Wondrous Loot,Расстроитель,Detuner,,,30,,,,,,,,,,https://artex-x.github.io/daggerheart-loot/i/w30.html,"Один раз за продолжительный отдых вы можете потратить Надежду, чтобы активировать расстроитель. Любая мелодия в пределах Далекой дистанции прерывается. Существо, создающее магический мотив, может отметить Стресс, чтобы поддержать его, иначе вынуждено остановиться.","Once per long rest, you can spend a Hope to activate the detuner. Any melody produced within Far range is disrupted. A creature creating a magical tune can mark a Stress to maintain it or it is forced to stop."
w31,weapon,Wondrous Loot,Молот Инфернального Кузнеца,Devil's Smithing Hammer,0,,31,magic,Strength,Melee,d6+3 mag,One-Handed,,,,,https://artex-x.github.io/daggerheart-loot/i/w31.html,"Деформирующий: когда вы попадаете по существу в металлической броне, вы можете отметить Стресс, чтобы деформировать её. Цель получает накапливающийся штраф -2 к порогам урона.","Deforming: When you hit a creature wearing metal armor, you can mark a Stress to deform it. The target gains a stacking -2 penalty to damage thresholds."
w32,consumable,Wondrous Loot,Зелье Судного Дня,Doomsday Potion,,,32,,,,,,,,,,https://artex-x.github.io/daggerheart-loot/i/w32.html,"Бросьте d12 за каждую ячейку Надежды по очереди. Если ячейка отмечена, бросьте 2d12 и выберите большее значение. При результате ниже 12 вычеркните ячейку. При результате 12 прекратите броски, очистите все Раны и Стресс и станьте Неуязвимым до конца сцены: вы невосприимчивы ко всему урону, а ваше Мастерство удваивается. В конце сцены совершите Предсмертный Ход.","Roll a d12 for each of your Hope Slots in turn. If the slot is marked, roll 2d12 and choose the higher value. If you roll less than 12, cross out the slot. If you roll 12, stop rolling, clear all your HP and Stress, and become Invincible until the end of the scene. While Invincible you're immune to all damage and your Proficiency is doubled. At the end of the scene, make a death move."
w33,item,Wondrous Loot,Сапоги Жуткого Плетения,Dread-Weave Boots,,,33,,,,,,,,,,https://artex-x.github.io/daggerheart-loot/i/w33.html,"Пока вы носите эти сапоги, вы получаете сопротивление любому магическому урону, вызванному контактом с землёй.","While wearing these boots, you have resistance to any magic damage triggered by contact with the ground."
w34,item,Wondrous Loot,Осколок Сновидца,Dreamer's Shard,,,34,,,,,,,,,,https://artex-x.github.io/daggerheart-loot/i/w34.html,"Во время продолжительного отдыха вы можете использовать этот кристалл, чтобы вызвать пророческий сон, намекающий на ответ на волнующий вас вопрос. При этом вы должны преуспеть в Броске Реакции Инстинкта (14), иначе окажетесь в ловушке кошмара и будете Парализованы до тех пор, пока кто-нибудь вас не разбудит.","During a long rest, you can use this crystal to induce a prophetic dream, giving a hint to a question that is worrying you. When you do this, you must succeed on an Instinct Reaction Roll (14) or be trapped in a nightmare, paralyzed until someone wakes you."
w35,consumable,Wondrous Loot,Пыль Отражённой Тишины,Dust of Echoed Silence,,,35,,,,,,,,,,https://artex-x.github.io/daggerheart-loot/i/w35.html,"Когда вы рассыпаете эту пыль, пространство в пределах Средней дистанции от вас погружается в тишину на время сцены или пока пыль не развеет сильный ветер. Существа в этой зоне не могут говорить или произносить заклинания.","When you scatter this dust, the area within Close range of you is silenced for the scene or until the dust is dispersed by strong wind. Creatures within that area can't speak or cast spells."
w36,item,Wondrous Loot,Чёрная Нить,Ebony Thread,,,36,,,,,,,,,,https://artex-x.github.io/daggerheart-loot/i/w36.html,"Вы можете разматывать эту нить до 500 футов в пути, создавая за собой эфирный след. Он виден только вам, но существа, чувствительные к призрачным частотам, могут его обнаружить и проследовать по нему.","You can unspool this thread up to 500 feet as you travel, creating an ethereal trail behind you. It's visible only to you, but creatures sensitive to spectral frequencies may be able to detect and follow it."
w37,consumable,Wondrous Loot,Лепесток Эхо-Орхидеи,Echo Orchid Petal,,,37,,,,,,,,w68,,https://artex-x.github.io/daggerheart-loot/i/w37.html,Употребление лепестка при взгляде на существо открывает его намерения. Вы получаете преимущество на Броски Реакции против его действий на время сцены.,Consuming a petal while looking at a creature gives you insight into that creature's intentions. You have advantage on Reaction Rolls against its actions for the scene.
w38,item,Wondrous Loot,Эфирный Якорь,Etheric Anchor,,,38,,,,,,,,,,https://artex-x.github.io/daggerheart-loot/i/w38.html,"Пока вы несёте этот якорь, вы можете отметить 2 Стресса, чтобы автоматически преуспеть в Броске Реакции против эффектов пространственных искажений или иной враждебной местности.",While carrying this anchor you can mark 2 Stress to automatically succeed on a Reaction Roll against the effects of spatial distortions or other hostile geography.
w39,consumable,Wondrous Loot,Дыхательный Клубень,Flare Tuber,,,39,,,,,,,,,,https://artex-x.github.io/daggerheart-loot/i/w39.html,"Если держать этот корень во рту, он обеспечивает достаточно кислорода для нормального дыхания, но вы не можете говорить или произносить заклинания.","If you hold one of these roots in your mouth, it provides enough oxygen for you to breathe normally, but you can't speak or cast spells."
w40,item,Wondrous Loot,Мерцацвет,Flickerbloom,,,40,,,,,,,,,,https://artex-x.github.io/daggerheart-loot/i/w40.html,"Пока вы несёте этот цветок, вы получаете преимущество на Броски Реакции против любых временных аномалий, но при провале такого броска вы должны отметить Стресс.","While carrying this flower, you have advantage on Reaction Rolls to resist any temporal anomalies, but if you fail such a roll, you must mark a Stress."
w41,item,Wondrous Loot,Гравитационная Привязь,Gravitic Tether,,,41,,,,,,,,,,https://artex-x.github.io/daggerheart-loot/i/w41.html,"Пока вы носите этот пояс, вы получаете половину урона от падений и совсем не получаете урона от эффектов гравитационных аномалий, но не можете перемещаться далее Средней дистанции за ход.","While wearing this belt, you take half damage from falls, and no damage from the effects of gravitational anomalies, but you can't travel further than Close range on your move."
w42,consumable,Wondrous Loot,Порошок Печалекорня,Griefroot Powder,,,42,,,,,,,,w45,,https://artex-x.github.io/daggerheart-loot/i/w42.html,"Когда вы вдыхаете этот порошок, вы добавляете d8 к следующему броску действия, но на время сцены при получении урона или при виде гибели вы должны преуспеть в Броске Реакции Влияния (14) или стать Оглушённым. Пока вы Оглушены, вы не можете использовать реакции и совершать другие действия, пока не снимете это состояние.","When you inhale this powder, you add a d8 to your next action roll, but for the scene if you take damage or witness death you must succeed on a Presence Reaction Roll (14) or become Stunned. While Stunned, you can't use reactions and can't take any other actions until you clear this condition."
w43,consumable,Wondrous Loot,Вихревая Шляпка,Gyre Cap,,,43,,,,,,,,w69,,https://artex-x.github.io/daggerheart-loot/i/w43.html,"Заваренные в чай в качестве Хода Отдыха, эти грибы дают любому выпившему преимущество на броски Инстинкта и помеху на броски Влияния до следующего отдыха.","Brewed into a tea as a downtime move, these mushrooms give any drinker advantage on Instinct rolls and disadvantage on Presence rolls until their next rest."
w44,consumable,Wondrous Loot,Сахар Генри,Henry's Sugar,,,44,,,,,,,,,,https://artex-x.github.io/daggerheart-loot/i/w44.html,"На время этой сцены вы можете отметить Стресс, чтобы видеть сквозь объект или видеть его обратную сторону.","For this scene, you can mark a Stress to see through an object, or see its reverse side."
w45,consumable,Wondrous Loot,Порошок Героя,Hero's Powder,,,45,,,,,,,,,,https://artex-x.github.io/daggerheart-loot/i/w45.html,"Когда вы вдыхаете этот порошок, вы можете добавить d4 к одному броску действия или реакции на свой выбор в этой же сцене. Каждый раз, когда вы становитесь свидетелем смерти до его использования, размер кости увеличивается: d6, d8 и т.д. вплоть до d20.","When you inhale this powder, you can add a d4 to one action or reaction roll of your choice in the same scene. Each time you witness death before you do so, the die size increases to d6, d8, etc., up to d20."
w46,item,Wondrous Loot,Полотенце Путешественника,Hitcher's Towel,,,46,,,,,,,,,,https://artex-x.github.io/daggerheart-loot/i/w46.html,"Пока вы знаете, где находится это полотенце, ваша Кость Надежды не может опуститься ниже d12, а Кость Страха не может быть увеличена. При каждом продолжительном отдыхе вы должны преуспеть в Броске Реакции Инстинкта (14), иначе полотенце пропадает.","As long as you know where this towel is, your Hope Die can't be reduced or your Fear Die increased from a d12. Whenever you take a long rest, you must succeed on an Instinct Reaction Roll (14) or the towel is lost."
w47,item,Wondrous Loot,Ледяные Рукавицы,Ice Gloves,,,47,,,,,,,,,,https://artex-x.github.io/daggerheart-loot/i/w47.html,"Когда вы берёте снег в эти рукавицы, вы можете слепить из него смертоносный снежок и бросить его как оружие (Проворность, Средне, маг d6+1)","When you pick up snow with these gloves you can form it into a deadly snowball and throw it as a weapon (Agility, Close, mag d6+1)"
w48,item,Wondrous Loot,Мел Заклинателя,Incantor's Chalk,,,48,,,,,,,,,,https://artex-x.github.io/daggerheart-loot/i/w48.html,"Вы можете начертить заклинание из вашей Руки на поверхности. Затем вы можете потратить Надежду в любое время, чтобы произнести это заклинание, как будто находясь на месте меток. Если метки были стёрты, заклинание не произносится.","You can inscribe a spell in your loadout onto a surface. You can then spend a Hope at any time to cast the spell, as if you were at the position of the marks. If the marks have been erased, the spell isn't cast."
w49,item,Wondrous Loot,Стопорный Ключ,Jamming Spanner,,,49,,,,,,,,,,https://artex-x.github.io/daggerheart-loot/i/w49.html,"При успешном броске Искусности вставьте этот инструмент в механизм, чтобы остановить его работу. Мастер может потратить Страх, чтобы сломать ключ и перезапустить механизм, или вы можете извлечь его вторым броском. Если любой из этих бросков вы совершаете со Страхом, вы получаете урон. Сложность и урон зависят от механизма.","Make a successful Finesse Roll to place this tool into a machine to prevent it from operating. The GM can spend a Fear to break the spanner and restart the machine, or you can remove it with a second roll. If you make either roll with Fear, you take damage. The Difficulty and damage depend on the machine."
w50,item,Wondrous Loot,Фонарь Теней,Lantern of Shadows,,,50,,,,,,,,,,https://artex-x.github.io/daggerheart-loot/i/w50.html,"Пока вы используете этот фонарь, вы можете распознавать иллюзии и видеть потайные двери и проходы в пределах Средней дистанции. Когда вы совершаете бросок со Страхом, фонарь гаснет и не может быть зажжён снова до продолжительного отдыха.","While using this lantern, you can determine any illusions and see secret doors and passageways within Close range. When you roll with Fear, the lantern extinguishes, and can't be lit again until you take a long rest."
w51,weapon,Wondrous Loot,Гарпун Левиафана,Leviathan Harpoon,0,,51,physical,Finesse,Far,d8+3 phy,Two-Handed,,,,,https://artex-x.github.io/daggerheart-loot/i/w51.html,"Привязанный: при успешной атаке цель становится Привязанной к вам. Пока она Привязана, когда цель перемещается от вас, вы можете оставаться на том же расстоянии от неё. Если вы этого не делаете или сами перемещаетесь от цели, состояние снимается.","Tethered: On a successful attack, the target is Tethered to you. While Tethered, whenever the target moves away from you, you can remain at the same range from it. If you don't, or if you move away from the target, it clears the condition."
w52,consumable,Wondrous Loot,Погибель Лжецов,Liar's Bane,,,52,,,,,,,,w101,,https://artex-x.github.io/daggerheart-loot/i/w52.html,"После того как вы разжуёте эти листья, на время сцены вы получаете преимущество на броски для обнаружения ловушек и распознавания лжи и обмана, но должны отметить Стресс, чтобы солгать кому-либо.","After you chew these leaves, for the scene you have advantage on rolls to notice traps and see through lies and deceptions, but you must mark a Stress to deceive someone else."
w53,consumable,Wondrous Loot,Маяк Жизненной Силы,Life Force Beacon,,,53,,,,,,,,,,https://artex-x.github.io/daggerheart-loot/i/w53.html,"Потратьте Надежду, чтобы активировать этот шар. На время сцены он излучает жизненную силу, будто живое существо. Любые духи, привлечённые жизненной силой, должны отметить Стресс, чтобы атаковать что-либо, кроме шара, в пределах Далекой дистанции от него.","Spend a Hope to activate this orb. For the scene, it radiates life force as if it were a living creature. Any spirits attracted to life force must mark a Stress to attack anything other than the orb within Far range of it."
w54,weapon,Wondrous Loot,Жезл Жизни,Life Wand,0,,54,magic,Knowledge,Far,d6+4 mag,One-Handed,,,,,https://artex-x.github.io/daggerheart-loot/i/w54.html,"Связь с жизнью: +2 к Броскам Заклинания против нежити; при успешном Броске Заклинания временно Оглушите нежить. Пока она Оглушена, она не может использовать реакции и совершать другие действия.","Life-Linked: +2 to Spellcast Rolls against undead creatures; succeed on a Spellcast Roll to temporarily Stun an undead. While Stunned, they can't use reactions and can't take any other actions."
w55,item,Wondrous Loot,Громовой Скарабей,Lightning Scarab,,,55,,,,,,,,,,https://artex-x.github.io/daggerheart-loot/i/w55.html,"Когда вы получаете электрический урон, вы можете перенаправить его в эту брошь, а затем бросить Кости Дуальности. Если сумма меньше накопленного урона, брошь взрывается и вы получаете весь накопленный урон суммарно.","When you're hit by electrical damage, you can divert it into this brooch, then roll your Duality Dice. If the total is less than the diverted damage, the brooch explodes and you take the sum of all the damage it has absorbed."
w56,item,Wondrous Loot,Жуки-Влюблённые,Lovebugs,,,56,,,,,,,,,,https://artex-x.github.io/daggerheart-loot/i/w56.html,"Поместите одного из этих керамических жуков в любом месте. Когда вы положите второго на пол в пределах мили, они поползут навстречу друг другу по кратчайшему доступному пути.","Place one of these ceramic bugs in any location. When you place the other one on the floor up to a mile away, they will crawl toward one another by the fastest available route."
w57,secondary,Wondrous Loot,Кандальные Болас,Manacle Bolas,0,,57,physical,Finesse,Close,d4+1 phy,One-Handed,,,,,https://artex-x.github.io/daggerheart-loot/i/w57.html,"Сковывающие: когда вы попадаете по цели, вы можете потратить Надежду, чтобы Обездвижить её. Обездвиженная цель может освободиться при успешном броске Силы (16)",Restraining: When you hit a target you can spend a Hope to Restrain it. A trapped target can break free with a successful Strength Roll (16).
w58,consumable,Wondrous Loot,Трава Мученика,Martyr's Grass,,,58,,,,,,,,,,https://artex-x.github.io/daggerheart-loot/i/w58.html,"В качестве Хода Отдыха вы можете посадить веточку этого душистого растения в скудную почву. Оно погружает всех в пределах Средней дистанции в мирный сон, очищая весь Стресс.","As a downtime move, you can plant a sprig of this fragrant herb in the barest soil. It gives everyone within Close range a peaceful slumber, clearing all Stress."
w59,item,Wondrous Loot,Маска Подражателя,Mimicry Mask,,,59,,,,,,,,,,https://artex-x.github.io/daggerheart-loot/i/w59.html,"Пока вы носите эту маску, один раз за сцену вы можете имитировать существо в пределах Средней дистанции. Пока вы снова не станете в центре внимания оно испытывает одно из: запоздалую речь (должно отметить Стресс, чтобы говорить), беспорядочные движения (помеха на Броски Реакции) или неловкие атаки (помеха на броски атаки)","While wearing this mask, once per scene you can mimic a creature within Close range. Until you are next spotlighted, they experience either delayed speech (must mark a Stress to speak), erratic movements (disadvantage on reaction rolls), or clumsy attacks (disadvantage on attack rolls)."
w60,consumable,Wondrous Loot,Слизь Скользкости,Mucin of Slipperiness,,,60,,,,,,,,,,https://artex-x.github.io/daggerheart-loot/i/w60.html,"Вы можете нанести эту слизь на тело в качестве Хода Отдыха. После нанесения до следующего отдыха вы получаете преимущество на Броски Реакции, чтобы избежать Обездвиживания.","You can apply this slime to your body as a downtime move. Once coated, until your next rest you have advantage on Reaction Rolls to avoid being Restrained."
w61,consumable,Wondrous Loot,Игольный Ключ,Needle Key,,,61,,,,,,,,,,https://artex-x.github.io/daggerheart-loot/i/w61.html,"Когда вы вонзаете эту иглу в палец, до следующего продолжительного отдыха ваш модификатор Искусности снижается на 1, но когда вы прижимаете палец к замку, вы можете отметить Стресс, чтобы игла превратилась в подходящий ключ.","When you embed this needle in your finger, until your next long rest your Finesse modifier is reduced by 1, but when you press your finger against a lock you can mark a Stress to morph it into a matching key."
w62,consumable,Wondrous Loot,Целебная Смола,Nursewood Sap,,,62,,,,,,,,,,https://artex-x.github.io/daggerheart-loot/i/w62.html,"Нанесите на существо, чтобы очистить 1d4 Ран, 1d4 Стресса или одно состояние.","Rub onto a creature to clear 1d4 HP, 1d4 Stress, or one condition."
w63,consumable,Wondrous Loot,Согревающие Пирожки,Pastries of Warmth,,,63,,,,,,,,,,https://artex-x.github.io/daggerheart-loot/i/w63.html,"Корзина содержит 1d4 пирожков. Когда вы съедаете один, вы не получаете урона и Стресса от воздействия холода до следующего отдыха.","A basket contains 1d4 pastries. When you consume a pastry, you don't take damage or mark Stress from exposure to cold until your next rest."
w64,item,Wondrous Loot,Гроссбух Первопроходца,Pathfinder's Ledger,,,64,,,,,,,,,,https://artex-x.github.io/daggerheart-loot/i/w64.html,"Если вы записываете свой путь в эту книгу в дороге, вы получаете преимущество на броски для ориентирования и против дезориентации. При провале такого броска со Страхом вы теряете один ранее известный вам факт.","If you scribe your path into this book as you travel, you have advantage on rolls to navigate or avoid being disoriented. If you fail such a roll with Fear, you lose one piece of information you previously knew."
w65,consumable,Wondrous Loot,Побеги Призрачного Папоротника,Phantom Fern Shoots,,,65,,,,,,,,w66,,https://artex-x.github.io/daggerheart-loot/i/w65.html,"Съеденные в сыром виде, эти побеги устраняют действие большинства ядов, но оставляют вас в лёгком Дурмане на 1 час. Пока вы в Дурмане, бросайте d8 в качестве кости помехи.","Eaten raw, these shoots remove the effect of most poisons, but leave you Lightheaded for 1 hour. While Lightheaded, roll a d8 as your disadvantage die."
w66,consumable,Wondrous Loot,Чай из Призрачного Папоротника,Phantom Fern Tea,,,66,,,,,,,,,,https://artex-x.github.io/daggerheart-loot/i/w66.html,Устраняет действие большинства ядов.,Remove the effect of most poisons.
w67,consumable,Wondrous Loot,Межпланарная Древесина,Planar Wood,,,67,,,,,,,,,,https://artex-x.github.io/daggerheart-loot/i/w67.html,"При создании магического оружия из этой пропитанной древесины совершите бросок Искусности (15). При успехе оружие получает бонус к броскам урона: +1 (успех со Страхом), +2 (успех с Надеждой) или +3 (критический успех)","When crafting a magic weapon from this infused wood, make a Finesse Roll (15). On a success, the weapon has a bonus to damage rolls of +1 (success with Fear), +2 (success with Hope), or +3 (critical success)."
w68,consumable,Wondrous Loot,Зелье Открытых Путей,Potion of Revealed Paths,,,68,,,,,,,,,,https://artex-x.github.io/daggerheart-loot/i/w68.html,"Выпив это зелье при взгляде на существо, вы можете применять к нему заклинание «Чтение мыслей» неограниченное количество раз на время сцены, используя Инстинкт как Характеристику Заклинателя, если у вас её нет.","Drinking this potion while looking at a creature allows you to use the Thought Delver spell on them unlimited times during the scene, using Instinct as the spellcast trait if you don't have one."
w69,consumable,Wondrous Loot,Зелье Спирального Зрения,Potion of Spiraling Vision,,,69,,,,,,,,,,https://artex-x.github.io/daggerheart-loot/i/w69.html,"Один раз за сцену до следующего отдыха, когда вы совершаете бросок Костей Дуальности, вы можете отметить Стресс, чтобы отложить результат и бросить снова, используя отложенный результат для следующего броска. Если вы не используете отложенный результат в сцене, вы навсегда теряете одну ячейку Стресса.","Once per scene until your next rest, when you make a roll with your Duality Dice, you can mark a Stress to postpone the result and roll again, using the postponed result for your next roll. If you fail to use the postponed result in the scene, you permanently lose a Stress."
w70,consumable,Wondrous Loot,Призматическая Вода,Prismatic Water,,,70,,,,,,,,,,https://artex-x.github.io/daggerheart-loot/i/w70.html,Питьё этой воды имеет непредсказуемые эффекты. Бросьте Кости Дуальности. При броске с Надеждой вы навсегда получаете ячейку Надежды. При броске со Страхом вы теряете 2 Надежды и вычёркиваете ячейку Надежды. При критическом успехе вы также получаете +1 к характеристике на ваш выбор.,"Drinking this water has unpredictable effects. Roll your Duality Dice. On a roll with Hope, you permanently gain a Hope slot. On a roll with Fear, you lose 2 Hope and cross out a Hope slot. On a critical success, you also gain a +1 bonus to a trait of your choice."
w71,item,Wondrous Loot,Ласты Лужелуточки,Puddleduck's Fins,,,71,,,,,,,,,,https://artex-x.github.io/daggerheart-loot/i/w71.html,"Пока вы носите эти ласты, вы должны отметить Стресс, чтобы переместиться дальше Близкой дистанции на суше, но можете плыть с нормальной скоростью. Друид в этих ластах может принять Звериную Форму Водного Разведчика не отмечая Стресс.","While wearing these fins on your feet, you must mark a Stress to move further than Very Close range on land, but you can move at normal speed when swimming. A druid wearing these fins can Beastform into an Aquatic Scout without marking a Stress."
w72,item,Wondrous Loot,Чистый Кристалл,Pure Crystal,,,72,,,,,,,,,,https://artex-x.github.io/daggerheart-loot/i/w72.html,"Один раз за сессию, когда вы используете свойство, восстанавливающее Раны существу, восстановите одну дополнительную Рану.","Once per session, when you use a feature that restores HP to a creature, restore one additional HP."
w73,item,Wondrous Loot,Перо Памяти,Quill of Memory,,,73,,,,,,,,,,https://artex-x.github.io/daggerheart-loot/i/w73.html,"Вы можете написать до ста слов этим пером в качестве Хода Отдыха. Они не появляются на странице, но запечатлеваются в вашем разуме. Никакой эффект не может стереть их, и вам не нужно совершать бросок, чтобы вспомнить их.","You can write up to a hundred words with this quill as a downtime move. They don't appear on the page but are etched into your mind. No effect can erase them, and you don't need to make a roll to recall them."
w74,consumable,Wondrous Loot,Лучезарный Осколок,Radiant Shard,,,74,,,,,,,,,,https://artex-x.github.io/daggerheart-loot/i/w74.html,"Когда вы разбиваете этот осколок планарной энергии, он высвобождает вспышку света, насыщающую пространство в пределах Далекой дистанции. До следующего продолжительного отдыха ни один дух не может войти в эту область, а все проклятия окружения подавляются.","When you shatter this shard of planar energy, it releases a burst of light that saturates the area within Far range. Until your next long rest, no spirit can enter this area and any environmental curses are suppressed."
w75,item,Wondrous Loot,Красный Нос Надежды,Red Nose of Hope,,,75,,,,,,,,,,https://artex-x.github.io/daggerheart-loot/i/w75.html,"Пока вы носите этот нос, вы получаете преимущество на броски Влияния для развлечения аудитории. Один раз за продолжительный отдых вы также можете отметить Стресс, чтобы превратить бросок со Страхом в бросок с Надеждой.","While wearing this nose you have advantage on Presence Rolls to entertain an audience. Once per long rest, you can also mark a Stress to turn a roll with Fear into a roll with Hope."
w76,item,Wondrous Loot,Перчатка Корнереза,Rootslicer Gauntlet,,,76,,,,,,,,,,https://artex-x.github.io/daggerheart-loot/i/w76.html,"Вы получаете преимущество на атаки и Броски Реакции против растительных существ и опасностей. Каждый раз, когда вы используете это свойство, Мастер получает Страх.","You have advantage on attacks and Reaction Rolls against plant-based creatures and hazards. Each time you use this feature, the GM gains a Fear."
w77,consumable,Wondrous Loot,Опорная Паутина,Scaffold Web,,,77,,,,,,,,,,https://artex-x.github.io/daggerheart-loot/i/w77.html,"Когда конструкция в пределах Близкой дистанции начинает рушиться, вы можете совершить Бросок Реакции Проворности (14), чтобы развернуть эту быстродействующую мембрану и предотвратить обрушение. Мастер может потратить Страх, чтобы разрушить её снова.",When a structure within Very Close range of you is collapsing you can make an Agility Reaction Roll (14) to deploy this fast-acting membrane and prevent it. The GM can spend a Fear to break it again.
w78,consumable,Wondrous Loot,Оберег Мореплавателя,Seaworthy Charm,,,78,,,,,,,,,,https://artex-x.github.io/daggerheart-loot/i/w78.html,Этот символ переносится на корпус лодки при прикосновении к её борту. На время сцены лодка не может перевернуться и получает сопротивление всем видам урона.,"This symbol will transfer itself onto the body of a boat when pressed against its side. For the scene, the boat can't be capsized and has resistance to all damage."
w79,weapon,Wondrous Loot,Лук Искателя,Seeker's Bow,0,,79,physical,Finesse,Far,d6+4 phy,Two-Handed,,,,,https://artex-x.github.io/daggerheart-loot/i/w79.html,"Эхо: вы можете выпустить призрачную стрелу, не наносящую урона, но при попадании перемещающую цель туда, где она была до того, как последний раз оказалась в центре внимания. Когда она окажется там снова она должна повторить свои прошлые действия. Если это невозможно, она отмечает Стресс.","Echo: You can fire a spectral arrow that deals no damage, but on a hit moves the target to where it was before it was last spotlighted. The next time it is spotlighted it must repeat its actions from the previous time. If it can't do this, it marks a Stress."
w80,consumable,Wondrous Loot,Приманка Теневого Удильщика,Shadowangler Lure,,,80,,,,,,,,,,https://artex-x.github.io/daggerheart-loot/i/w80.html,Активация этой приманки заставляет её светиться. Любое существо в пределах Далекой дистанции должно совершить Бросок Реакции Инстинкта (12). При провале оно перемещается в пределы Близкой дистанции.,"Activating this lure causes it to glow. Any creature within Far range must make an Instinct Reaction Roll (12). On a failure, they move in to Very Close range."
w81,item,Wondrous Loot,Камень Сирены,Siren's Rock,,,81,,,,,,,,,,https://artex-x.github.io/daggerheart-loot/i/w81.html,"Если вы помещаете этот выщербленный, покрытый ракушками камень в морскую воду, существа в пределах Средней дистанции должны преуспеть в Броске Реакции Влияния (12) или временно стать Восхищёнными. Восхищённые существа не могут совершать броски атаки и должны отметить Стресс, чтобы переместиться куда-либо, кроме направления к камню.","If you place this weathered and barnacle-laden stone in seawater, creatures within Close range must succeed on a Presence Reaction Roll (12) or become temporarily Enraptured. Enraptured creatures can't make attack rolls and must mark a Stress to move anywhere except toward the stone."
w82,weapon,Wondrous Loot,Снежный Клинок,Snowblade,0,,82,magic,Agility,Melee,d8+6 mag,One-Handed,,,,,https://artex-x.github.io/daggerheart-loot/i/w82.html,"Заморозка: при успешной атаке цель временно Обездвижена. Если вы получаете урон от огня, Снежный Клинок теряет это свойство.","Freezing: On a successful attack, the target is temporarily Restrained. If you take damage from fire, the Snowblade loses this feature."
w83,item,Wondrous Loot,Факел Души,Soul Torch,,,83,,,,,,,,,,https://artex-x.github.io/daggerheart-loot/i/w83.html,"Этот факел горит холодным магическим огнём, пока вы держите его в руке. Если он гаснет по внешним причинам, вы можете смутно видеть в полной темноте, пока не совершите бросок со Страхом.","This torch burns with a cold, magical fire whenever you hold it in your hand. If it's extinguished by external means, you can see dimly in complete darkness until you roll with Fear."
w84,item,Wondrous Loot,Душетканый Плащ,Soulweave Cloak,,,84,,,,,,,,,,https://artex-x.github.io/daggerheart-loot/i/w84.html,"Пока вы носите этот плащ, один раз за продолжительный отдых вы можете стать Нематериальным, способным проходить сквозь физические объекты и устойчивым к физическому урону, пока вы не снимете состояние или Мастер не потратит Страх. Другие Нематериальные существа получают преимущество на атаки против вас в этой форме.","While wearing this cloak, once per long rest you can become Incorporeal, able to move through physical objects and resistant to physical damage, until you end the condition or the GM spends a Fear to do so. Other incorporeal creatures have advantage on attacks against you while you are in this form."
w85,weapon,Wondrous Loot,Паучье Жало,Spider's Sting,0,,85,magic,Strength,Melee,d8+3 mag,One-Handed,,,,,https://artex-x.github.io/daggerheart-loot/i/w85.html,Паутинострел: вы можете временно Обездвижить цель в пределах Средней дистанции при успешном броске Искусности против неё.,Webslinger: You can temporarily Restrain a target within Close range by succeeding on a Finesse Roll against them.
w86,item,Wondrous Loot,Искатель Духов,Spirit Seeker,,,86,,,,,,,,,,https://artex-x.github.io/daggerheart-loot/i/w86.html,"Вытяните этот ивовый жезл и потратьте Надежду, чтобы почувствовать местоположение ближайшего мёртвого или нежити крупнее кошки в пределах Далекой дистанции.",Hold out this willow wand and spend a Hope to sense the location of the nearest dead or undead creature larger than a cat within Far range.
w87,consumable,Wondrous Loot,Тоник Споровой Мысли,Sporemind Tonic,,,87,,,,,,,,,,https://artex-x.github.io/daggerheart-loot/i/w87.html,"До следующего отдыха вы получаете преимущество ко всем броскам Инстинкта, но при провале такого броска со Страхом вы должны отметить Стресс.","Until your next rest you have advantage on all Instinct rolls, but if you fail such a roll with Fear, you must mark a Stress."
w88,weapon,Wondrous Loot,Посох Шепчущего Архива,Staff of the Whispering Archive,0,,88,magic,Knowledge,Far,d8+6 mag,Two-Handed,,,,,https://artex-x.github.io/daggerheart-loot/i/w88.html,Бдительный: вы можете произнести заклинание «Парящее око» один раз за продолжительный отдых. При этом на время сцены вы получаете помеху на Броски Реакции против чтения мыслей или ясновидения.,"Watchful: You can cast the Floating Eye spell once per long rest. When you do so, for that scene you have disadvantage on Reaction Rolls against mind reading or clairvoyance."
w89,item,Wondrous Loot,Робы Жалозащиты,Stingshield Robes,,,89,,,,,,,,,,https://artex-x.github.io/daggerheart-loot/i/w89.html,"Пока вы носите эту одежду, защищающую от насекомых, пока вы не отметите Ячейку Брони, вы невосприимчивы к урону от существ размером не более пчелы и устойчивы к урону от всех существ размером не более мыши.","While wearing these bug-resistant clothes, until you mark an Armor Slot you are immune from damage by any creature up to the size of a bee, and resistant to damage from all creatures up to the size of a mouse."
w90,consumable,Wondrous Loot,Буря в Бутылке,Storm in a Bottle,,,90,,,,,,,,,,https://artex-x.github.io/daggerheart-loot/i/w90.html,"Когда эта бутылка открывается или разбивается, все существа в пределах Средней дистанции должны преуспеть в Броске Реакции Проворности (15) или быть поражены молнией, получив 3d10+3 физического урона. Незакреплённые предметы разлетаются и ломаются.","When this bottle is opened or broken, all creatures in Close range must succeed on an Agility Reaction Roll (15) or be struck by lightning for 3d10+3 physical damage. Unsecured objects are scattered and broken."
w91,item,Wondrous Loot,Превосходный Алконитовый Кристалл,Superior Alconite Crystal,,,91,,,,,,,,,,https://artex-x.github.io/daggerheart-loot/i/w91.html,"Вы можете использовать энергию этого кристалла, чтобы получить бонус 1d4 к Броску Заклинания. Если выпадет 4, энергия исчерпывается и кристалл нельзя использовать повторно до тех пор, пока вы не зарядите его в качестве Хода Отдыха, погрузив в солёную воду.","You can use the energy in this crystal to gain a 1d4 bonus to a Spellcast Roll. If you roll a 4, the energy is expended and it can't be reused until you recharge it as a downtime move by immersing it in salt water."
w92,item,Wondrous Loot,Сухожилие Тарраска,Tarrasque Sinew,,,92,,,,,,,,,,https://artex-x.github.io/daggerheart-loot/i/w92.html,"Когда вы натягиваете лук этой мощной тетивой, он получает следующее свойство. Убийца Титанов: вы получаете +1 к Мастерству, когда попадаете по существу, вдвое превышающему вас по размеру.","When you string a bow with this powerful cord, it gains the following feature. Titan-Slayer: You gain a +1 bonus to your Proficiency when you hit a creature more than twice your size."
w93,item,Wondrous Loot,Сумочка Кассира,Ticket Master's Pouch,,,93,,,,,,,,,,https://artex-x.github.io/daggerheart-loot/i/w93.html,"Кошель может вместить горсть золота. Когда вы используете золото из него для оплаты чего-либо стоимостью до мешка золота, вы получаете преимущество на броски Влияния для торга.","The pouch can hold a handful of gold. When you use the gold from inside it to pay for something up to a bag of gold in value, you have advantage on Presence Rolls to haggle for the price."
w94,item,Wondrous Loot,Времястекло,Timeglass,,,94,,,,,,,,,,https://artex-x.github.io/daggerheart-loot/i/w94.html,"Один раз за сессию вы можете смотреть в эту подзорную трубу, как будто смотрите через неё в то же место в какой-то момент прошлого. Вы можете установить любой промежуток от 10 минут до 10 дней.","Once per session, you can look through this spyglass as if looking through it in the same location some time in the past. You can set it to any length of time from 10 minutes to 10 days."
w95,consumable,Wondrous Loot,Настойка Укреплённых Мыслей,Tincture of Fortified Thoughts,,,95,,,,,,,,,,https://artex-x.github.io/daggerheart-loot/i/w95.html,"Вы очищаете 1d4 Стресса и получаете преимущество на Броски Реакции против эффектов, изменяющих ваше состояние рассудка. При провале такого Броска Реакции вы можете отметить 2 Стресса вместо провала, завершая действие настойки.","You clear 1d4 Stress and have advantage on Reaction Rolls against effects to change your state of mind. If you fail such a Reaction Roll, you can mark 2 Stress to succeed instead, ending the tincture's effect."
w96,consumable,Wondrous Loot,Фолиант Древних Знаний,Tome of Ancient Knowledge,,,96,,,,,,,,,,https://artex-x.github.io/daggerheart-loot/i/w96.html,"В рамках работы над проектом вы можете прочитать эту книгу, чтобы навсегда увеличить модификатор Знания на +1. После этого страницы книги становятся пустыми.","As a downtime project you can read this book to permanently increase your Knowledge modifier by +1. Once you do this, the book's pages turn blank."
w97,item,Wondrous Loot,Рог Черепахи,Tortoise Horn,,,97,,,,,,,,,,https://artex-x.github.io/daggerheart-loot/i/w97.html,"Если вы используете этот костяной фрагмент как навершие для оружия без свойства, оружие получает следующее свойство. Сотрясающий: перед броском атаки вы можете отметить Стресс, чтобы получить +1 к Мастерству для этой атаки.","If you use this bony fragment as a pommel for a weapon that doesn't already have a feature, the weapon gains the following feature. Concussive: Before you make an attack roll, you can mark a Stress to gain a +1 bonus to your Proficiency for that attack."
w98,consumable,Wondrous Loot,Луковица Ядолилии,Toxilily Bulb,,,98,,,,,,,,,,https://artex-x.github.io/daggerheart-loot/i/w98.html,"Эту луковицу можно разделить на 1d4 дольки, каждую из которых можно нанести на оружие. До следующего отдыха вы добавляете Мастерство к броскам урона этим оружием.","This bulb can be broken into 1d4 cloves, each of which can be smeared on a weapon. Until your next rest, you add your Proficiency to the damage rolls for the weapon."
w99,consumable,Wondrous Loot,Лепестки Цветка Троицы,Trinity Flower Petals,,,99,,,,,,,,,,https://artex-x.github.io/daggerheart-loot/i/w99.html,"Заварите эти лепестки в чай, который могут выпить до трёх существ, придавая им уверенность. До следующего продолжительного отдыха они невосприимчивы к эффектам, связанным со Страхом.","Brew these petals into a tea that can be drunk by up to three creatures, giving them confidence. Until their next long rest, they are immune to fear-related effects."
w100,consumable,Wondrous Loot,Семя Цветка Троицы,Trinity Flower Seed,,,100,,,,,,,,,,https://artex-x.github.io/daggerheart-loot/i/w100.html,"Употребление этого семени дарует мудрость Тройной Богини, давая преимущество на броски Инстинкта до следующего отдыха.","Eating this seed grants the wisdom of the Triple Goddess, giving advantage on Insight Rolls until your next rest."
w101,consumable,Wondrous Loot,Сыворотка Истинного Зрения,True Vision Serum,,,101,,,,,,,,,,https://artex-x.github.io/daggerheart-loot/i/w101.html,"На время сцены вас нельзя обмануть ложью, иллюзиями или обманом, вы можете видеть невидимых существ и получаете преимущество на броски обнаружения ловушек. Однако вы должны отметить Стресс, чтобы попытаться солгать.","For the scene, you can't be fooled by lies, illusions, or deceptions, can see invisible creatures, and have advantage on rolls to notice traps. However, you must mark a Stress to attempt to lie."
w102,item,Wondrous Loot,Искажённая Линза,Twisted Lens,,,102,,,,,,,,,,https://artex-x.github.io/daggerheart-loot/i/w102.html,"Когда вы смотрите через эту линзу, вы можете видеть на чрезвычайно большие расстояния. Однако всё, что вы видите, искажено и выглядит злобно. Вы должны преуспеть в Броске Реакции Влияния (14), иначе отметьте Стресс.","When you look through this lens, you can see into the extremely far distance. However, everything you see is distorted and evil-looking. You must succeed on a Presence Reaction Roll (14) or mark a Stress."
w103,consumable,Wondrous Loot,Лепестки Тенелилии,Umbra Lily Petals,,,103,,,,,,,,w104,,https://artex-x.github.io/daggerheart-loot/i/w103.html,"После поедания лепестка на время сцены вы можете потратить Надежду, чтобы погасить немагический или магический источник света в пределах Средней дистанции.","After eating a petal, for this scene you can spend a Hope to snuff out a nonmagical or magical light within Close range."
w104,consumable,Wondrous Loot,Сумеречное Зелье,Umbral Potion,,,104,,,,,,,,,,https://artex-x.github.io/daggerheart-loot/i/w104.html,"До следующего продолжительного отдыха вы можете потратить Надежду, чтобы погасить немагический или магический источник света в пределах Далекой дистанции.",Until your next long rest you can spend a Hope to snuff out a nonmagical or magical light within Far range.
w105,item,Wondrous Loot,Плащ-Завеса,Veilcloak,,,105,,,,,,,,,,https://artex-x.github.io/daggerheart-loot/i/w105.html,"Пока вы носите этот плащ, вы получаете преимущество на броски Искусности в темноте. Вы также можете потратить Надежду один раз за продолжительный отдых, чтобы он засиял тусклым светом в пределах Средней дистанции. Существа за пределами этой зоны должны отметить Стресс, чтобы видеть внутри.","While wearing this, you have advantage on Finesse Rolls made while in darkness. You can also spend a Hope once per long rest to make it shine with dim light up to Close range. Creatures outside that range must mark a Stress to see inside."
w106,item,Wondrous Loot,Капюшон Туманного Покрова,Veilshroud Hood,,,106,,,,,,,,,,https://artex-x.github.io/daggerheart-loot/i/w106.html,"Пока вы носите этот плащ, вы получаете преимущество на Броски Реакции против иллюзий и магической слежки, но помеху на броски восприятия обычных образов и звуков. Надев плащ, вы должны носить его до следующего отдыха, иначе он теряет свои свойства.","While wearing this cloak you have advantage on Reaction Rolls against illusions and being magically spied on, but disadvantage on rolls to perceive normal sights and sounds. Once you don the cloak, you must wear it until your next rest or it loses its powers."
w107,consumable,Wondrous Loot,Флакон Кристальных Вод,Vial of Crystal Waters,,,107,,,,,,,,,,https://artex-x.github.io/daggerheart-loot/i/w107.html,"Выпейте эти воды, чтобы заменить карту домена в вашем Хранилище, не платя Стоимость Призыва.",Drink these waters to switch out a domain card in your vault without spending the Recall Cost.
w108,consumable,Wondrous Loot,Нектар Обетного Цветка,Votive Bloom Nectar,,,108,,,,,,,,w95,,https://artex-x.github.io/daggerheart-loot/i/w108.html,"Вы очищаете 1d4 Стресса, но в следующий раз, когда вы отмечаете Стресс, вы должны преуспеть в Броске Реакции Инстинкта или пасть на колени в молитве и временно стать Уязвимым.","You clear 1d4 Stress, but the next time you mark a Stress you must succeed on an Insight Reaction Roll or fall down in prayer and become temporarily Vulnerable."
w109,item,Wondrous Loot,Сигил Бога Войны,War God's Sigil,,,109,,,,,,,,,,https://artex-x.github.io/daggerheart-loot/i/w109.html,Вы можете перенести этот узор на броню без свойства. Она получает следующее свойство. Глашатай войны: при первой атаке в сцене вы можете прибавить Влияние к броску атаки.,"You can transfer this design onto armor that doesn't have a feature. It gains the following feature: Herald of War: On your first attack in a scene, you can add your Presence to the attack roll."
w110,consumable,Wondrous Loot,Охранный Оберег,Wardstone Charm,,,110,,,,,,,,,,https://artex-x.github.io/daggerheart-loot/i/w110.html,"Пока вы носите этот кулон, вы можете автоматически преуспеть в одном Броске Реакции против эффекта, основанного на Страхе, или раздавить его заблаговременно, создав зону покоя и давая существам в пределах Средней дистанции преимущество на таким Броскам Реакции на время сцены. В любом случае оберег рассыпается в пыль после использования.","While wearing this pendant, you can automatically succeed on one Reaction Roll against a fear-based effect, or crush it pre-emptively to create a region of calm, giving creatures within Close range advantage on such Reaction Rolls for the scene. In either case the charm disintegrates to dust after use."
w111,consumable,Wondrous Loot,Вино Бесед,Wine of Discourse,,,111,,,,,,,,,,https://artex-x.github.io/daggerheart-loot/i/w111.html,"Когда одно или несколько существ ведут беседу, разделяя эту бутылку вина, каждое получает +1 к броскам Влияния и Знания до тех пор, пока бутылка не опустеет.","When one or more creatures share a conversation while sharing this bottle of wine, each one gains a +1 bonus to Presence and Knowledge Rolls until the bottle is finished."
w112,item,Wondrous Loot,Плащ Зимнего Волка,Winter Wolf Cloak,,,112,,,,,,,,,,https://artex-x.github.io/daggerheart-loot/i/w112.html,"Пока вы носите этот плащ, когда вы вынуждаете противника получить 1 или более Ран, вы можете потратить Надежду, чтобы увеличить ваше Уклонение на 1 до следующего получения урона. Этот эффект нельзя суммировать.","While wearing this cloak, when you cause an adversary to mark 1 or more Hit Points, you can spend a Hope to increase your Evasion by 1 until you next take damage. You can't stack this effect."
w113,item,Wondrous Loot,Оберег Вянущего Корня,Witherroot Charm,,,113,,,,,,,,,,https://artex-x.github.io/daggerheart-loot/i/w113.html,"Один раз за продолжительный отдых вы можете игнорировать весь урон от психической атаки. После этого вы получаете помеху на Броски Реакции Влияния, пока не используете Ход Отдыха для очищения оберега от психических остатков.","Once per long rest, you can ignore all damage from a psychic attack. You then have disadvantage on Presence Reaction Rolls until you take a downtime move to purge the charm of psychic residue."
w114,consumable,Wondrous Loot,Ихор Вянущего Корня,Witherroot Ichor,,,114,,,,,,,,w115,,https://artex-x.github.io/daggerheart-loot/i/w114.html,"Отметьте 1d4 Ран и навсегда потеряйте 1 ячейку Ран. Следующее заклинание, произнесённое вами в этой сцене и наносящее урон, заставляет одну из целей получить то же количество дополнительных Ран.",Mark 1d4 HP and permanently lose 1 HP slot. The next spell you cast this scene that deals damage marks the same number of additional HP on one of its targets.
w115,consumable,Wondrous Loot,Тоник Вянущего Корня,Witherroot Tonic,,,115,,,,,,,,,,https://artex-x.github.io/daggerheart-loot/i/w115.html,"Следующее заклинание, произнесённое вами в этой сцене и наносящее урон, заставляет одну из целей отметить дополнительно 1d4 Ран.",The next spell you cast this scene that deals damage marks an additional 1d4 HP on one of its targets.
w116,item,Wondrous Loot,Подвеска Волчьего Друга,Wolffriend Pendant,,,116,,,,,,,,,,https://artex-x.github.io/daggerheart-loot/i/w116.html,"Пока вы носите этот предмет, собаки и волки не будут нападать на вас, если вы не причините вред им или их стае, а вы получаете преимущество на броски для того, чтобы подружиться с ними или повлиять на них.","While wearing this item, dogs and wolves will not attack you unless you harm them or their packmates, and you have advantage on rolls to befriend or influence them."
w117,item,Wondrous Loot,Призракоуловитель,Wraith Trap,,,117,,,,,,,,,,https://artex-x.github.io/daggerheart-loot/i/w117.html,"Эта шкатулка может вмещать до трёх духов нежити. Вы можете совершить бросок Искусности, чтобы поймать нетелесное существо нежити, получая +1 к броску за каждую Рану цели. За каждого пойманного духа вы получаете -1 к Броскам Реакции против психических атак.","This box can hold up to three undead spirits. You can make a Finesse Roll to trap a noncorporeal undead creature, with a +1 bonus for every HP the target has marked. For each trapped spirit, you have a -1 penalty to reaction rolls against psychic attacks."
w118,item,Wondrous Loot,Шкура Йети,Yeti Coat,,,118,,,,,,,,,,https://artex-x.github.io/daggerheart-loot/i/w118.html,"Пока вы носите эту шкуру, вы получаете половину урона от холода. В условиях замораживающих температур вы можете отметить 3 Стресса, чтобы превратиться в Йети, как при использовании свойства Друида «Звериная Форма» (используйте форму «Крупный зверь»).","While wearing this coat you take half damage from exposure to cold. In freezing temperatures, you can mark 3 Stress to transform into a Yeti as if using a Druid's Beastform feature (use the Powerful Beast form)."
w119,consumable,Wondrous Loot,Пески Ифанга,Yifang Sands,,,119,,,,,,,,,,https://artex-x.github.io/daggerheart-loot/i/w119.html,"Когда этот чёрный порошок загорается или испытывает сильный удар, он воспламеняется и взрывается, нанося 3d10 магического урона любому существу в пределах Средней дистанции. Существа за пределами Близкой дистанции могут вдвое уменьшить урон при успешном Броске Реакции Проворности (16)","When this black powder catches fire or experiences a strong concussive force, it ignites and explodes, dealing 3d10 magic damage to any creature within Close range. Creatures outside Very Close range can halve the damage with a successful Agility Reaction Roll (16)"
cm1,item,Community,Королевская Брошь,Royal Brooch,,,1,,,,,,,,,Highborne,https://artex-x.github.io/daggerheart-loot/i/cm1.html,"Пока вы открыто носите эту брошь во владениях или поселении Великородного сообщества, вы получаете преимущество на броски Влияния с целью убедить, договориться или попросить об одолжении.","Wearing this brooch openly while within a Highborne domain or settlement grants advantage on Presence Rolls made to persuade, negotiate, or request favors."
cm2,item,Community,Позолоченный Точильный Камень Дуэлянта,Duelist's Gilded Whetstone,,,2,,,,,,,,,Highborne,https://artex-x.github.io/daggerheart-loot/i/cm2.html,В качестве Хода Отдыха вы можете наточить оружие этим камнем. До следующего отдыха атаки этим оружием прибавляют ваше Мастерство к броскам урона.,"During any downtime, you may use a move to sharpen a weapon. Until the next downtime, attacks made with that weapon add your Proficiency to the damage roll."
cm3,item,Community,Позолоченный Монокль,Gilded Monocle,,,3,,,,,,,,,Highborne,https://artex-x.github.io/daggerheart-loot/i/cm3.html,"Пока вы носите этот монокль, вы можете видеть предметы, метки или детали, скрытые иллюзиями или тонкой магией.","While wearing this jeweled monocle, you can see objects, markings, or details hidden by illusions or subtle magical effects."
cm4,item,Community,Обученная Посыльная Птица,Trained Messenger Bird,,,4,,,,,,,,,Highborne,https://artex-x.github.io/daggerheart-loot/i/cm4.html,"Обученный сокол, ястреб или иная изящная птица, содержащаяся в уменьшающейся магической клетке. Выпущенная, она может доставить короткое письменное послание в Великородное сообщество, где была получена, призывая помощь, информацию или связь.","A trained falcon, hawk, or other elegant bird kept within a shrinking magical cage. When released, it can carry a short written message to the Highborne community where it was obtained, calling for aid, information, or contact."
cm5,item,Community,Маска Маскарада,Masquerade Mask,,,5,,,,,,,,,Highborne,https://artex-x.github.io/daggerheart-loot/i/cm5.html,"На светском приёме вы можете потратить 1 Надежду, чтобы добыть полезные сведения, танцуя, общаясь или беседуя украдкой с другими гостями.","While attending a social gathering, you may spend 1 Hope to gain useful information by dancing, mingling, or conversing discreetly with others at the event."
cm6,item,Community,Гильдейский Амулет,Guild Amulet,,,6,,,,,,,,,Highborne,https://artex-x.github.io/daggerheart-loot/i/cm6.html,"Когда вы должны получить магический урон, вы можете уменьшить его на 1d10. После использования этого свойства амулет нельзя активировать снова до следующего отдыха.","When you would take magical damage, you may reduce the damage by 1d10. After this effect is used, the amulet cannot be activated again until your next rest."
cm7,item,Community,Серьги Влюблённых,Lover's Earrings,,,7,,,,,,,,,Highborne,https://artex-x.github.io/daggerheart-loot/i/cm7.html,"Один раз за сессию, нося одну из этих серёг, вы можете сосредоточиться на человеке, носящем парную серьгу, чтобы почувствовать его эмоциональное состояние — в безопасности ли он, в беде или спокоен — на усмотрение стола и по обстоятельствам.","Once per session, while wearing one of these earrings, you may focus on the person wearing the matching piece to sense their emotional state, revealing whether they are safe, distressed, or at ease, as determined by the table and the fiction."
cm8,item,Community,Обученный Благородный Скакун,Trained Noble Mount,,,8,,,,,,,,,Highborne,https://artex-x.github.io/daggerheart-loot/i/cm8.html,"Обученный наземный скакун, приспособленный для боя. Верхом на нём в условиях, где верховой бой возможен, вы можете переместиться на Очень Далекую дистанцию без броска Проворности. Если скакун крылатый, например грифон, вы также можете летать во время боя.","A trained terrestrial mount suited for battle. While riding this mount in an environment where mounted combat is possible, you may move up to Very Far range without making an Agility Roll. If the mount is winged, such as a griffon, you may also fly during combat."
cm9,item,Community,Мантия Алого Бархата,Mantle of Crimson Velvet,,,9,,,,,,,,,Highborne,https://artex-x.github.io/daggerheart-loot/i/cm9.html,"Один раз за сессию, обратившись к союзникам, которые видят и слышат вас, вы можете совершить бросок Влияния, чтобы произнести воодушевляющую речь. При успехе все союзные персонажи, слышащие вас, получают 3 Надежды.","Once per session, when you address allies who can see and hear you, you may make a Presence Roll to deliver a rousing speech. On a success, all allied characters who hear you gain 3 Hope."
cm10,item,Community,Рог Благородства,Horn of Nobility,,,10,,,,,,,,,Highborne,https://artex-x.github.io/daggerheart-loot/i/cm10.html,"Один раз за сессию вы можете протрубить в этот рог и совершить бросок Влияния. При успехе все враги в пределах Далекой дистанции, слышащие его, становятся Уязвимыми.","Once per session, you may sound this horn and make a Presence Roll. On a success, all enemies within Far range who hear the horn become Vulnerable."
cm11,item,Community,Вечная Свеча,Everlasting Candle,,,1,,,,,,,,,Loreborne,https://artex-x.github.io/daggerheart-loot/i/cm11.html,"Когда эта свеча горит, она создаёт ауру в пределах Средней дистанции. Существа внутри получают преимущество на броски изучения текстов, символов или надписей. Свечу нельзя зажечь снова до следующего отдыха.","When lit, this candle creates an aura within Close range. Creatures inside gain advantage on rolls made to study texts, symbols, or inscriptions. The candle cannot be lit again until the next downtime."
cm12,item,Community,Переносная Астролябия,Portable Astrolabe,,,2,,,,,,,,,Loreborne,https://artex-x.github.io/daggerheart-loot/i/cm12.html,"В качестве Хода Отдыха вы можете изучить эту астролябию, чтобы получить 1 Надежду и преимущество на следующему броску Знания, связанному с космологией или смежной областью.","During downtime, you may study this astrolabe as a downtime move to gain 1 Hope and advantage on your next Knowledge Roll related to cosmology or a related subject."
cm13,item,Community,Чернила Мудреца,Sage's Ink,,,3,,,,,,,,,Loreborne,https://artex-x.github.io/daggerheart-loot/i/cm13.html,Вы можете записать один вопрос этими чернилами и совершить бросок Знания (18). При успехе Мастер отвечает правдиво ответом схожей длины.,"You may write one question with this ink and make a Knowledge Roll (18). On a success, the GM answers truthfully with a response of similar length."
cm14,item,Community,Фолиант Тысячи Предметов,Tome of a Thousand Subjects,,,4,,,,,,,,,Loreborne,https://artex-x.github.io/daggerheart-loot/i/cm14.html,"Открытый, этот фолиант перелистывается на полезную тему, выбранную по обстоятельствам. Чтение его даёт преимущество на следующему броску, связанному с этой темой.","When opened, this tome turns to a useful topic chosen through the fiction. Reading it grants advantage on the next roll related to that subject."
cm15,item,Community,Магнит Учёного,Scholar's Lodestone,,,5,,,,,,,,,Loreborne,https://artex-x.github.io/daggerheart-loot/i/cm15.html,"Пока вы держите этот камень, он тихо указывает в направлении ближайшего Научного сообщества.","While held, this stone subtly points toward the nearest Loreborne community."
cm16,item,Community,Магитехническая Бабочка,Magitech Butterfly,,,6,,,,,,,,,Loreborne,https://artex-x.github.io/daggerheart-loot/i/cm16.html,"Один раз за продолжительный отдых, настроившись на эту маленькую металлическую бабочку, вы можете на короткое время смотреть её глазами — на усмотрение стола.","Once per long rest, by attuning to this small metal butterfly, you may briefly see through its eyes, at the table's discretion."
cm17,item,Community,Эхо-Табличка,Echo Tablet,,,7,,,,,,,,,Loreborne,https://artex-x.github.io/daggerheart-loot/i/cm17.html,Один раз за сессию эта каменная табличка может записать звуки или произнесённую информацию и воспроизвести их в любое более позднее время.,"Once per session, this stone tablet can record sounds or spoken information and replay them at any later time."
cm18,item,Community,Хронометрические Часы,Chronometric Timepiece,,,8,,,,,,,,,Loreborne,https://artex-x.github.io/daggerheart-loot/i/cm18.html,"Один раз за сессию вы можете активировать эти часы, чтобы сохранить за собой центр внимания после провального броска или броска со Страхом.","Once per session, you may activate this watch to maintain the spotlight after a failed roll or a roll that generates Fear."
cm19,item,Community,Шахматы Архивариуса,Archivist's Chess Set,,,9,,,,,,,,,Loreborne,https://artex-x.github.io/daggerheart-loot/i/cm19.html,"Во время отдыха вы можете использовать этот зачарованный шахматный набор, чтобы выполнить ход «Подготовка», не тратя на это слот Хода Отдыха.","During downtime, you may use this enchanted chess set to perform the Prepare move without consuming one of your downtime move slots."
cm20,item,Community,Хрустальный Шар Буфонидуса,Bufonidus' Crystal Sphere,,,10,,,,,,,,,Loreborne,https://artex-x.github.io/daggerheart-loot/i/cm20.html,"Потратив 1 Надежду, вы можете бросить d20 как Кость Надежды для Броска Заклинания.","By spending 1 Hope, you may roll a d20 as your Hope Die for a Spellcast Roll."
cm21,item,Community,Кодекс Догматичных Установлений,Codex of Orderborne Dicta,,,1,,,,,,,,,Orderborne,https://artex-x.github.io/daggerheart-loot/i/cm21.html,"Один раз до следующего отдыха вы можете зачитать вслух один постулат из этого небольшого кодекса. Союзники в пределах Средней дистанции, слышащие вас, получают +1 к следующему Броску Атаки.","Once per rest, you may read one dictum from this small codex aloud. Allies within Close range who can hear you gain +1 to their next Attack Roll."
cm22,item,Community,Магические Сковывающие Кандалы,Arcane Restraining Manacles,,,2,,,,,,,,,Orderborne,https://artex-x.github.io/daggerheart-loot/i/cm22.html,Эти зачарованные кандалы подстраиваются под размер разных существ. Скованная цель получает состояние Обездвиженного; в хаотичных ситуациях может потребоваться бросок — на усмотрение стола.,"These enchanted manacles can adjust their size to fit different creatures. A restrained target gains the Restrained condition, with a roll possibly required in chaotic situations, at the table's discretion."
cm23,item,Community,Зачарованные Ножны,Enchanted Weapon Sheath,,,3,,,,,,,,,Orderborne,https://artex-x.github.io/daggerheart-loot/i/cm23.html,"Перед броском урона при атаке вы можете отметить Стресс, чтобы перебросить одну кость урона и оставить новый результат.","Before rolling damage for an attack, you may mark 1 Stress to reroll one damage die and keep the new result."
cm24,item,Community,Угрожающее Знамя,Menacing Standard,,,4,,,,,,,,,Orderborne,https://artex-x.github.io/daggerheart-loot/i/cm24.html,"Один раз за сессию, когда это знамя поднято в бою, все союзники в пределах Далекой дистанции, видящие его, получают 1 Надежду.","Once per session, when this banner is raised during battle, all allies within Far range who can see it gain 1 Hope."
cm25,item,Community,Табард Догматичного Сообщества,Orderborne Tabard,,,5,,,,,,,,,Orderborne,https://artex-x.github.io/daggerheart-loot/i/cm25.html,"Один раз за продолжительный отдых, нося этот табард, вы можете воззвать к его символу. Один противник, видящий его, становится Уязвимым, охваченный страхом или замешательством перед знаком Догматичного сообщества.","Once per long rest. while wearing this tabard, you may invoke its symbol. One adversary who can see it becomes Vulnerable, reflecting fear or hesitation inspired by the Orderborne insignia."
cm26,item,Community,Стрелы и Болты с Метеоритными Наконечниками,Meteoric-Tipped Arrows and Bolts,,,6,,,,,,,,,Orderborne,https://artex-x.github.io/daggerheart-loot/i/cm26.html,"До трёх раз до следующего отдыха: когда вы попадаете по цели этими боеприпасами, она должна отметить Стресс.","Up to three times per rest, when you hit a target with this ammunition, the target must mark 1 Stress."
cm27,item,Community,Рогатый Шлем,Horned Helm,,,7,,,,,,,,,Orderborne,https://artex-x.github.io/daggerheart-loot/i/cm27.html,"Вы можете броситься на цель в пределах Далекой дистанции. Совершив бросок Проворности для перемещения, вы можете немедленно нанести удар, который автоматически попадает и наносит 1d12 урона.","You may charge a target within Far range. After making an Agility Roll to move, you may immediately make an attack that automatically hits and deals 1d12 damage."
cm28,item,Community,Переносной Мост,Portable Bridge,,,8,,,,,,,,,Orderborne,https://artex-x.github.io/daggerheart-loot/i/cm28.html,"Этот инженерный мост разворачивается, чтобы перекрыть пропасти протяжённостью до Далекой дистанции. Его развёртывание или складывание требует времени и относительной безопасности — на усмотрение стола.","This engineered bridge can be deployed to span gaps up to Far range. Extending or retracting it requires time and relative safety, at the table's discretion."
cm29,item,Community,Сфера Пространственной Тюрьмы,Dimensional Prison Sphere,,,9,,,,,,,,,Orderborne,https://artex-x.github.io/daggerheart-loot/i/cm29.html,Вы можете заключить существо размером с человека внутрь этой сферы. Цель должна быть недееспособна или добровольно согласна.,You may imprison a humanoid-sized creature inside this sphere. The target must be incapacitated or willing.
cm30,item,Community,Военный Барабан Павшего Войска,War Drum of the Fallen Host,,,10,,,,,,,,,Orderborne,https://artex-x.github.io/daggerheart-loot/i/cm30.html,"Совершив бросок Влияния (15) во время игры на этом барабане, вы вызываете призрачного солдата на время боя. Дух даёт преимущество на следующему броску атаки всем союзникам или вынуждает всех врагов отметить Стресс.","By making a Presence Roll (15) while playing this drum, you summon a spectral soldier for the duration of the battle. The spirit grants advantage to all ally's next attack or forces all enemies to mark 1 Stress."
cm31,item,Community,Древесная Настойка,Sap Liquor,,,1,,,,,,,,,Ridgeborne,https://artex-x.github.io/daggerheart-loot/i/cm31.html,"Один раз за продолжительный отдых вы можете выпить эту восстанавливающую настойку, чтобы очистить 1d4 Стресса и получить 1 Надежду. Бутылка магически наполняется после каждого продолжительного отдыха.","Once per long rest, you may drink this replenishing liquor to recover 1d4 Stress and gain 1 Hope. The bottle magically refills after each long rest."
cm32,item,Community,Скальные Крючья,Climbing Pitons,,,2,,,,,,,,,Ridgeborne,https://artex-x.github.io/daggerheart-loot/i/cm32.html,"Один раз за сессию, когда Мастер тратит Страх, чтобы ввести осложнение, связанное с рельефом, падением или усталостью во время подъёма или горного перехода, вы можете отменить этот эффект.","Once per session, when the GM spends a Fear to introduce a complication related to terrain, falling, or exhaustion during a climb or mountain traversal, you may negate that effect."
cm33,item,Community,Козьи Сапоги,Goatstep Boots,,,3,,,,,,,,,Ridgeborne,https://artex-x.github.io/daggerheart-loot/i/cm33.html,"Получив Стресс, вы можете прыгнуть на Среднюю дистанцию, преодолевая препятствия или достигая позиций, обычно недостижимых обычным прыжком.","By marking 1 Stress, you may leap up to Close range, overcoming obstacles or reaching positions normally impossible with a standard jump."
cm34,item,Community,Арбалет-Гарпун,Harpoon Crossbow,,,4,,,,,,,,,Ridgeborne,https://artex-x.github.io/daggerheart-loot/i/cm34.html,"Этот арбалет с пружинным механизмом выстреливает крюком-кошкой на верёвке, позволяя крепить линии и якоря к иначе недоступным поверхностям, включая вертикальные скалы.","This spring-loaded crossbow fires a grappling hook attached to a rope, allowing you to secure lines and anchors on otherwise unreachable surfaces, including vertical faces."
cm35,item,Community,Котомка Странника,Wayfarer's Pack,,,5,,,,,,,,,Ridgeborne,https://artex-x.github.io/daggerheart-loot/i/cm35.html,"Во время путешествия, горного перехода или схожего перемещения: первый раз за сессию, когда вы должны отметить Стресс, вы игнорируете его.","While carrying this pack during a journey, mountain traversal, or similar overland travel, the first time per session you would mark Stress, you ignore it."
cm36,item,Community,Кольцо Диких Зверей,Ring of Wild Beasts,,,6,,,,,,,,,Ridgeborne,https://artex-x.github.io/daggerheart-loot/i/cm36.html,"Общаясь с горным зверем через это кольцо, вы можете отметить Стресс, чтобы получить чёткую информацию о ближайшей угрозе, пути или опасности местности — на усмотрение стола и по обстоятельствам.","When you communicate with a mountain beast using this ring, you may mark 1 Stress to gain clear information about a nearby threat, path, or environmental danger, as determined by the table and the current fiction."
cm37,item,Community,Магитехнический Экзоскелет,Magitech Exoskeleton,,,7,,,,,,,,,Ridgeborne,https://artex-x.github.io/daggerheart-loot/i/cm37.html,"Нося этот экзоскелет, вы можете отметить Стресс, чтобы совершить подвиг силы, обычно невозможный.","While wearing this exoskeleton, you may mark 1 Stress to perform a feat of strength that would normally be impossible."
cm38,item,Community,Маскировочный Плащ,Camouflage Mantle,,,8,,,,,,,,,Ridgeborne,https://artex-x.github.io/daggerheart-loot/i/cm38.html,"Нося этот плащ во владениях Горного сообщества, вы можете слиться с окружением. Активируйте плащ, чтобы стать Скрытым до тех пор, пока не переместитесь. Оставаясь Скрытым таким образом, вы невидимы, даже если противник переходит на позицию, откуда обычно мог бы вас заметить.","While wearing this mantle in Ridgeborne terrain, you may blend into the environment. You can activate this mantle to become Hidden until you move. While Hidden in this way, you remain unseen even if an adversary moves to where they would normally see you."
cm39,item,Community,Тотем Горного Зверя,Totem of the Ridge Beast,,,9,,,,,,,,,Ridgeborne,https://artex-x.github.io/daggerheart-loot/i/cm39.html,"Один раз за продолжительный отдых вы можете активировать этот тотем, бросившись на видимую цель. Эта цель и все противники в пределах Близкой дистанции становятся Уязвимыми. Тотем возвращается в инертное состояние.","Once per long rest, you may activate this totem to charge a target you can see. That target, and all adversaries within Very Close range, become Vulnerable. The totem then returns to its inert form."
cm40,item,Community,Топор-Пила Лесоруба,Felling Axe-Saw,,,10,,,,,,,,,Ridgeborne,https://artex-x.github.io/daggerheart-loot/i/cm40.html,"Этот массивный гибридный инструмент рубит дерево, корни и плотные природные материалы с огромной скоростью, позволяя изменять естественный рельеф за долю обычного времени — на усмотрение стола.","This massive hybrid tool cuts through wood, roots, and dense natural materials at extreme speed, allowing you to reshape natural terrain in a fraction of the expected time, at the table's discretion."
cm41,item,Community,Складная Лодка,Folding Boat,,,1,,,,,,,,,Seaborne,https://artex-x.github.io/daggerheart-loot/i/cm41.html,"Компактная лодка, которую можно сложить и носить с собой, а при необходимости развернуть. Вмещает до четырёх существ Среднего размера; управление определяется здравым смыслом и обстоятельствами.","A compact boat that can be folded and carried, then deployed when needed. It can transport up to four Medium creatures, guided by common sense and the current fiction."
cm42,item,Community,Инструменты Навигатора,Navigator's Tools,,,2,,,,,,,,,Seaborne,https://artex-x.github.io/daggerheart-loot/i/cm42.html,"В качестве Хода Отдыха вы можете использовать эти инструменты, чтобы получить преимущество на броски навигации на море до следующего отдыха.","During downtime, you may use these tools as a downtime move to gain advantage on navigation rolls at sea until your next rest."
cm43,item,Community,Рыболовная Удочка,Fishing Rod,,,3,,,,,,,,,Seaborne,https://artex-x.github.io/daggerheart-loot/i/cm43.html,"В качестве Хода Отдыха «Подготовка» с этой удочкой вы получаете обычную 1 Надежду и вылавливаете 1d4 рыб. Каждую рыбу можно приготовить и съесть, чтобы очистить 1 Стресс.","During downtime, when you use the Prepare move with this rod, you gain the usual 1 Hope and catch 1d4 fish. Each fish can later be cooked and eaten to reduce 1 Stress."
cm44,item,Community,Компас Воробья,Sparrow's Compass,,,4,,,,,,,,,Seaborne,https://artex-x.github.io/daggerheart-loot/i/cm44.html,"Этот компас всегда указывает в направлении того, чего его владелец желает больше всего. Один раз за сессию вы получаете преимущество на броску действия, направленному на то, чтобы добраться до цели компаса.","This compass always points toward what its bearer desires most. Once per session, you gain advantage on an action roll made to reach what the compass indicates."
cm45,item,Community,Бутылка Ветра,Bottle of Wind,,,5,,,,,,,,,Seaborne,https://artex-x.github.io/daggerheart-loot/i/cm45.html,"Один раз за сессию вы можете откупорить эту бутылку, чтобы высвободить мощный порыв ветра, отталкивающий лодки, валящий существ с ног или производящий иные творческие эффекты — на усмотрение стола.","Once per session, you may uncork this bottle to release powerful winds, pushing boats, knocking creatures prone, or producing other creative effects, at the table's discretion."
cm46,item,Community,Подзорная Труба Дальнозоркого,Far-Seer's Spyglass,,,6,,,,,,,,,Seaborne,https://artex-x.github.io/daggerheart-loot/i/cm46.html,"Один раз за продолжительный отдых вы можете использовать эту подзорную трубу, чтобы различить детали, обычно слишком далёкие для восприятия — на усмотрение стола.","Once per long rest, you may use this spyglass to notice details that would normally be too distant to perceive, at the table's discretion."
cm47,item,Community,Черепаший Панцирный Нагрудник,Turtle Shell Harness,,,7,,,,,,,,,Seaborne,https://artex-x.github.io/daggerheart-loot/i/cm47.html,"Один раз за продолжительный отдых, когда вы должны получить физический урон, вы можете отметить Стресс, чтобы снизить порог урона на одну ступень.","Once per long rest, when you would take physical damage, you may mark 1 Stress to reduce the damage threshold by one step."
cm48,item,Community,Фонарь Глубин,Lantern of the Depths,,,8,,,,,,,,,Seaborne,https://artex-x.github.io/daggerheart-loot/i/cm48.html,"Этот фонарь создаёт ровный свет, работающий под водой как на поверхности, освещая окрестности даже в мутной воде.","This lantern produces steady light that functions normally underwater, illuminating its surroundings as if above the surface, even in murky water."
cm49,item,Community,Пиратская Карта Сокровищ,Pirate's Treasure Map,,,9,,,,,,,,,Seaborne,https://artex-x.github.io/daggerheart-loot/i/cm49.html,"Эта зачарованная карта постоянно перерисовывается, отмечая местоположение ближайшего значимого запаса золота или ценностей. Сокровище всегда настоящее, но никогда не бывает без охраны и нередко сопряжено с осложнениями, выбранными Мастером по обстоятельствам.","This enchanted map constantly redraws itself, marking the location of the nearest significant hoard of gold or valuables worth pursuing. The treasure is always real, but never unguarded, and often comes with complications chosen by the GM and the current fiction."
cm50,item,Community,Флейта Зова Кракена,Kraken's Call Flute,,,10,,,,,,,,,Seaborne,https://artex-x.github.io/daggerheart-loot/i/cm50.html,"Эту древнюю флейту можно использовать один раз за кампанию, чтобы призвать морского левиафана. Существо не подчиняется владельцу, но его появление высвобождает сокрушительный хаос, способный изменить исход даже самой безнадёжной ситуации.","This ancient flute can be played once per campaign to summon a marine leviathan. The creature does not obey the bearer, but its arrival unleashes overwhelming chaos capable of reshaping even the most desperate situation."
cm51,item,Community,Крапленые Карты и Кости,Loaded Cards and Dice,,,1,,,,,,,,,Slyborne,https://artex-x.github.io/daggerheart-loot/i/cm51.html,Дают преимущество на броски Искусности при попытке жульничать в играх с удачей.,Grant advantage on Finesse rolls when attempting to cheat at games of chance.
cm52,item,Community,Возвратная Монета,Returning Coin,,,2,,,,,,,,,Slyborne,https://artex-x.github.io/daggerheart-loot/i/cm52.html,"Эта монета всегда возвращается в карман владельца, как бы её ни потратили или ни потеряли.","This coin always finds its way back into its owner's pocket, no matter how it is spent or lost."
cm53,item,Community,Живые Марионетки,Living Puppets,,,3,,,,,,,,,Slyborne,https://artex-x.github.io/daggerheart-loot/i/cm53.html,"Один раз за сессию эти ожившие куклы могут проникать в узкие пространства, чтобы дёргать рычаги, нажимать кнопки или похищать небольшие предметы.","Once per session, these animated puppets can slip through tight spaces to pull levers, press buttons, or steal small objects."
cm54,item,Community,Подвеска Стеклянного Глаза,Glass Eye Pendant,,,4,,,,,,,,,Slyborne,https://artex-x.github.io/daggerheart-loot/i/cm54.html,"Один раз за продолжительный отдых, когда на вас нападают, бросьте 1d4 и прибавьте результат к вашему Уклонению против этой атаки.","Once per long rest, when you are attacked, roll 1d4 and add the result to your Evasion for that attack."
cm55,item,Community,Предательский Кастет,Treacherous Knuckle-Duster,,,5,,,,,,,,,Slyborne,https://artex-x.github.io/daggerheart-loot/i/cm55.html,"Вы можете отметить Стресс перед броском атаки. Если атака успешна, цель отмечает Стресс.","You may mark 1 Stress before an attack roll. If the attack succeeds, the target marks 1 Stress."
cm56,item,Community,Браслет Воровского Перезвона,Thief's Chime Bracelet,,,6,,,,,,,,,Slyborne,https://artex-x.github.io/daggerheart-loot/i/cm56.html,"Один раз за сессию совершите бросок Искусности (18), чтобы сыграть гипнотическую мелодию. При успехе все не подозревающие об этом существа в пределах Средней дистанции погружаются в глубокий сон до тех пор, пока их не потревожат или до конца короткого отдыха.","Once per session, make a Finesse Roll (18) to play a hypnotic melody. On a success, all unaware creatures within Close range fall into a deep sleep until disturbed or after a short rest."
cm57,item,Community,Теневой Амулет,Shadow Amulet,,,7,,,,,,,,,Slyborne,https://artex-x.github.io/daggerheart-loot/i/cm57.html,"Один раз за сессию создайте пузырь тьмы в пределах Средней дистанции. Враги внутри получают помеху, тогда как союзники получают преимущество на броски, чтобы укрыться или сбежать.","Once per session, create a bubble of darkness within Close range. Enemies inside suffer disadvantage, while allies gain advantage on rolls to hide or escape."
cm58,item,Community,Переулочная Окарина,Alleyway Ocarina,,,8,,,,,,,,,Slyborne,https://artex-x.github.io/daggerheart-loot/i/cm58.html,"Один раз за сессию, в городской обстановке или во владениях Криминального сообщества, сыграйте короткую мелодию, чтобы вызвать из теней укрывшихся союзников и головорезов. Следующая успешная атака вас или союзника добавляет +1d10 урона.","Once per session, in an urban or Slyborne environment, play a short tune to call hidden allies and cutthroats from the shadows. The next successful attack made by you or an ally adds +1d10 damage."
cm59,item,Community,Плащ Переулков,Mantle of the Backstreets,,,9,,,,,,,,,Slyborne,https://artex-x.github.io/daggerheart-loot/i/cm59.html,"Нося этот плащ в городской обстановке или во владениях Криминального сообщества, вы магически воспринимаетесь как часть окружения. Эффект немедленно заканчивается, если вы совершаете враждебное или явно подозрительное действие.","While wearing this mantle in an urban or Slyborne environment, you are magically overlooked as part of the surroundings. This effect ends immediately if you take a hostile or overtly suspicious action."
cm60,item,Community,Фальшивый Золотой Зуб,False Gold Tooth,,,10,,,,,,,,,Slyborne,https://artex-x.github.io/daggerheart-loot/i/cm60.html,"Прикусите этот зуб, чтобы впасть в смертеподобное состояние. Вы выглядите мёртвым и не можете быть разбужены, возвращая сознание по истечении времени, равного продолжительному отдыху.","Bite down on this false golden tooth to enter a deathlike state. You appear dead and cannot be awakened, regaining consciousness after the period of a long rest."
cm61,item,Community,Теневой Мел,Shadowmark Chalk,,,1,,,,,,,,,Underborne,https://artex-x.github.io/daggerheart-loot/i/cm61.html,Вы можете писать послания или рисовать символы этим магическим мелом. Метки видны только в темноте или густой тени.,You can write messages or symbols using this magical chalk. Marks are visible only in darkness or heavy shadow.
cm62,item,Community,Прутья Слепого Лозоходца,Blind Dowser's Rods,,,2,,,,,,,,,Underborne,https://artex-x.github.io/daggerheart-loot/i/cm62.html,"Вы получаете преимущество на броски для обнаружения подземных водоносных слоёв, просачиваний или скрытых водоёмов.","You have advantage on rolls made to locate underground water sources, seepage, or hidden reservoirs."
cm63,item,Community,Сумка Грибника,Fungal Forager's Pouch,,,3,,,,,,,,,Underborne,https://artex-x.github.io/daggerheart-loot/i/cm63.html,"Один раз за продолжительный отдых эта сумка производит порцию съедобных подземных грибов. Съев грибы, вы очищаете 1 Рану.","Once per long rest, this pouch produces a portion of edible subterranean fungi. Consuming the fungi restores 1 HP."
cm64,item,Community,Маска Глубин,Mask of the Deep,,,4,,,,,,,,,Underborne,https://artex-x.github.io/daggerheart-loot/i/cm64.html,"Нося эту маску, вы получаете преимущество на Броски Реакции для сопротивления эффектам, связанным с вдыханием, парами, спорами или газом, включая атаки противников, доставляемые подобными способами.","While wearing this mask, you have advantage on Reaction Rolls to resist effects involving inhalation, breath, fumes, spores, or gas, including enemy attacks delivered through such means."
cm65,item,Community,Грибной Факел,Fungal Torch,,,5,,,,,,,,,Underborne,https://artex-x.github.io/daggerheart-loot/i/cm65.html,"Этот биолюминесцентный гриб работает как обычный факел. Горя под землёй, он даёт преимущество на броски ориентирования и навигации в подземной среде.","This bioluminescent fungus functions as a normal torch. While lit underground, you have advantage on rolls to orient yourself and navigate the subterranean environment."
cm66,item,Community,Моток Паучьего Шёлка,Spider Silk Spool,,,6,,,,,,,,,Underborne,https://artex-x.github.io/daggerheart-loot/i/cm66.html,"Вы можете совершить бросок Искусности, чтобы бросить шёлк в существо в пределах Средней дистанции. При успехе цель становится Обездвиженной, пока не вырвется на свободу или пока обстоятельства не изменятся.","You may make a Finesse Roll to throw the silk at a creature within Close range. On a success, the target becomes Restrained until it breaks free or the fiction changes."
cm67,item,Community,Сапоги Реакции,Reaction Boots,,,7,,,,,,,,,Underborne,https://artex-x.github.io/daggerheart-loot/i/cm67.html,"Один раз за сессию, когда союзник проваливает бросок или преуспевает со Страхом, вы можете немедленно стать в центре внимания вместо Мастера.","Once per session, when an ally fails a roll or succeeds with Fear, you may immediately take the spotlight instead of the GM."
cm68,item,Community,Клык Пещерного Паука,Cave Spider Fang,,,8,,,,,,,,,Underborne,https://artex-x.github.io/daggerheart-loot/i/cm68.html,"Вы можете использовать этот ядовитый клык вместо оружия при атаке. При попадании цель не получает урона, но становится Уязвимой. Этот эффект не действует на нежить или существ с иммунитетом к яду.","You can use this venomous fang in place of a weapon when making an attack. On a hit, the target takes no damage but becomes Vulnerable. This effect has no impact on undead or creatures immune to poison."
cm69,item,Community,Биолюминесцентные Перчатки,Bioluminescent Gloves,,,9,,,,,,,,,Underborne,https://artex-x.github.io/daggerheart-loot/i/cm69.html,"Пока вы находитесь в темноте или полутьме, прибавляйте 1d6 к броскам урона.","While you are in darkness or partial darkness, add 1d6 to your damage rolls."
cm70,item,Community,Амулет Скарабея,Scarab Amulet,,,10,,,,,,,,,Underborne,https://artex-x.github.io/daggerheart-loot/i/cm70.html,"Один раз за сессию вы можете активировать этот амулет, чтобы превратиться в призрачного скарабея. В этой форме вы не можете атаковать или использовать предметы, но можете летать и проходить сквозь немагические стены, двери, камень или землю толщиной не более стандартной конструкции или прилегающей пещерной стены. Превращение длится, пока вы не завершите его или до конца короткого отдыха.","Once per session, you may activate this amulet to transform into a spectral scarab. While transformed, you cannot attack or use items. You can fly and pass through non-magical walls, doors, stone, or earth that are no thicker than the width of a typical structure or connected cavern wall. The transformation lasts until you choose to end it or until the duration of a short rest."
cm71,item,Community,Вечный Трут,Everflame Kindling,,,1,,,,,,,,,Wanderborne,https://artex-x.github.io/daggerheart-loot/i/cm71.html,Эти деревянные палочки легко воспламеняются и никогда не догорают полностью. Они дают ровное пламя даже в суровых или маловероятных условиях.,These wooden sticks ignite easily and never fully burn away. They provide a steady flame even in harsh or unlikely environments.
cm72,item,Community,Кормовой Мешок Зверовода,Beastkeeper's Feed Sack,,,2,,,,,,,,,Wanderborne,https://artex-x.github.io/daggerheart-loot/i/cm72.html,"Один раз за продолжительный отдых этот мешок производит порцию корма, достаточную для одного существа Среднего размера.","Once per long rest, this sack produces a ration sufficient to feed one Medium beast."
cm73,item,Community,Банка Направляющего Света,Guidelight Jar,,,3,,,,,,,,,Wanderborne,https://artex-x.github.io/daggerheart-loot/i/cm73.html,"Эта запечатанная банка содержит мерцающих светлячков. Когда опасность приближается, их свечение меняет цвет — по усмотрению владельца.","This sealed jar holds shifting fireflies. When danger approaches, their glow changes color at the owner's discretion."
cm74,item,Community,Шепчущая Сковорода,Whispering Skillet,,,4,,,,,,,,,Wanderborne,https://artex-x.github.io/daggerheart-loot/i/cm74.html,В качестве Хода Отдыха «Подготовка» эта зачарованная сковорода может превратить неожиданные ингредиенты в сытную трапезу. Съевшие её очищают Стресс и получают преимущество на следующему броску.,"During a Prepare downtime move, this enchanted pan can turn unlikely ingredients into a nourishing meal. Those who eat it clear a Stress and gain advantage on the next roll."
cm75,item,Community,Седло Укротителя,Waytamer Saddle,,,5,,,,,,,,,Wanderborne,https://artex-x.github.io/daggerheart-loot/i/cm75.html,"Это зачарованное седло принимает форму почти под любое ездовое животное. Вы получаете преимущество на броски успокоения или управления существом, на которое оно надето.",This enchanted saddle reshapes itself to fit almost any mount. You gain advantage on rolls to calm or control a creature fitted with it.
cm76,item,Community,Совиный Амулет Каравана,Caravan Owl Amulet,,,6,,,,,,,,,Wanderborne,https://artex-x.github.io/daggerheart-loot/i/cm76.html,"Один раз за сессию, когда вы должны отметить Стресс, бросьте d6. При результате 4+ вы игнорируете этот Стресс.","Once per session, when you would mark Stress, roll a d6. On a 4+, ignore that Stress."
cm77,item,Community,Сапоги Первопроходца,Pathfinder's Boots,,,7,,,,,,,,,Wanderborne,https://artex-x.github.io/daggerheart-loot/i/cm77.html,"Один раз за продолжительный отдых, пробираясь через незнакомую местность, вы можете бросить d20 как Кость Надежды вместо d12.","Once per long rest, when navigating uncertain terrain, you may roll a d20 as your Hope Die instead of a d12."
cm78,item,Community,Складные Санки,Foldaway Trail Sled,,,8,,,,,,,,,Wanderborne,https://artex-x.github.io/daggerheart-loot/i/cm78.html,"Развёрнутые, эти санки вмещают до трёх существ Среднего размера и быстро скользят по снегу, траве или песку.","When unfolded, this sled carries up to three Medium creatures and glides swiftly over snow, grass, or sand."
cm79,item,Community,Семя Фаункорня,Faunroot Seed,,,9,,,,,,,,,Wanderborne,https://artex-x.github.io/daggerheart-loot/i/cm79.html,"Посаженное в природную почву, это легендарное семя вырастает в огромное дерево за время продолжительного отдыха.","When planted in natural ground, this legendary seed grows into a massive tree over the course of a long rest."
cm80,item,Community,Складной Воздушный Шар,Foldable Sky-Balloon,,,10,,,,,,,,,Wanderborne,https://artex-x.github.io/daggerheart-loot/i/cm80.html,"Переносное чудо, требующее около часа для сборки. Вмещает до пяти существ Среднего размера и позволяет управляемый полёт к отдалённым или иначе недоступным местам.",A portable marvel requiring about one hour to assemble. It can carry up to five Medium creatures and allows controlled flight to reach distant or otherwise inaccessible places.
cm81,item,Community,Оберег Удачного Рога,Lucky Horn Charm,,,1,,,,,,,,,Wildborne,https://artex-x.github.io/daggerheart-loot/i/cm81.html,"Один раз за сессию вы можете перебросить любую кость и выбрать, какой результат использовать.","Once per session, you may reroll any one die and choose which result to use."
cm82,item,Community,Нежный Силок,Gentle Snare,,,2,,,,,,,,,Wildborne,https://artex-x.github.io/daggerheart-loot/i/cm82.html,"Эту магическую ловушку можно установить, чтобы схватить существо, не причиняя ему вреда. Цель становится Обездвиженной невидимыми путами, пока её не освободят.",This magical trap can be set to restrain a creature without causing harm. The target becomes Restrained by invisible bindings until freed.
cm83,item,Community,Лист Исполинского Дерева,Leaf of the Giant Tree,,,3,,,,,,,,,Wildborne,https://artex-x.github.io/daggerheart-loot/i/cm83.html,"Огромный лист, прочный как кожа и широкий как двуручный меч. Он может служить планером, парусом, небольшим плотом или импровизированным инструментом — по усмотрению игрока и Мастера.","A massive leaf sturdy as leather and broad as a greatsword. It may serve as a glider, sail, small raft, or improvised tool at the player and GM's discretion."
cm84,item,Community,Топор Лесного Стража,Forestwarden's Axe,,,4,,,,,,,,,Wildborne,https://artex-x.github.io/daggerheart-loot/i/cm84.html,"Этот внешне обычный топор несёт в себе благословение обновления. Любое дерево, растение, гриб или живая растительность, срубленная им, вновь полностью вырастает за время продолжительного отдыха.","This seemingly ordinary axe carries the blessing of renewal. Any tree, plant, fungus, or living vegetation cut with it regrows fully over the course of a long rest."
cm85,item,Community,Кольцо Маленького Исследователя,Ring of the Small Explorer,,,5,,,,,,,,,Wildborne,https://artex-x.github.io/daggerheart-loot/i/cm85.html,"Один раз за сессию вы можете уменьшиться примерно до 15 см ростом. В уменьшенном виде вы получаете преимущество там, где малый размер полезен, и помеху там, где он создаёт неудобства.","Once per session, you may shrink to roughly 15 cm in height. While small, you gain advantage where reduced size is beneficial and disadvantage where it would hinder you."
cm86,item,Community,Лунносеменной Фонарь,Moonseed Lantern,,,6,,,,,,,,,Wildborne,https://artex-x.github.io/daggerheart-loot/i/cm86.html,"Этот прозрачный плод содержит жидкий лунный свет. Один раз за сессию вы можете встряхнуть его, высвободив мягкое сияние. Дикие звери в пределах Средней дистанции успокаиваются и перестают быть враждебными, если не окажутся под прямой угрозой.","This translucent fruit holds liquid moonlight within. Once per session, you may shake it to release a gentle glow. Wild beasts within Close range become calm and non-hostile unless directly threatened."
cm87,item,Community,Венец Живых Лоз,Crown of Living Vines,,,7,,,,,,,,,Wildborne,https://artex-x.github.io/daggerheart-loot/i/cm87.html,Один раз за продолжительный отдых живые лозы пробуждаются. Вы можете получить преимущество на одному броску атаки или прибавить 1d6 к вашему Уклонению против входящей атаки.,"Once per long rest, the living vines awaken. You may gain advantage on one attack roll or add 1d6 to your Evasion against an incoming attack."
cm88,item,Community,Плащ Первобытного Хищника,Mantle of the First Predator,,,8,,,,,,,,,Wildborne,https://artex-x.github.io/daggerheart-loot/i/cm88.html,"При первом надевании этого плаща выберите категорию существ, на которых вы поклялись охотиться. Нося его, вы можете отметить Стресс, чтобы получить преимущество на броски против существ этой категории.","The first time you wear this mantle, choose a category of creatures you are sworn to hunt. While wearing it, you may mark 1 Stress to gain advantage on rolls against a creature of that category."
cm89,item,Community,Сердце Лесного Бога,Heart of the Forest God,,,9,,,,,,,,,Wildborne,https://artex-x.github.io/daggerheart-loot/i/cm89.html,"Один раз за кампанию вы можете посадить это священное сердце в природную почву. Окружающая земля становится буйной и плодородной. Враги в пределах Далекой дистанции должны отметить Стресс и становятся Обездвиженными, когда из земли вздымаются корни.","Once per campaign, you may plant this divine heart in natural ground. The surrounding land becomes lush and fertile. Enemies within Far range must mark 1 Stress and become Restrained as roots surge from the earth."
cm90,item,Community,Маленький Лесной Дух,Little Forest Spirit,,,10,,,,,,,,,Wildborne,https://artex-x.github.io/daggerheart-loot/i/cm90.html,"Игривый лесной дух следует за вами как безмолвный страж. Когда урон вынудит вас отметить последнюю Рану, вы можете потратить 1 Надежду, чтобы пожертвовать духом. Вы не отмечаете эту Рану и не совершаете Предсмертный Ход. Дух исчезает навсегда.","A playful forest spirit follows you as a silent guardian. When damage would force you to mark your last HP, you may spend 1 Hope to sacrifice the spirit instead. You do not mark that HP and do not make a Death Move. The spirit fades and is gone forever."
di1,weapon,dread,Эфирная Винтовка,Aether Rifle,3,,1,magic,Instinct,Very Far,d8+8 mag,Two-Handed,,,,,https://artex-x.github.io/daggerheart-loot/i/di1.html,"Неестественное: Биологически живые стрелки должны отмечать Стресс каждый раз, когда стреляют из этого оружия. Конструкты, например Кланки, и нежить, например Вампиры, эту цену не платят.","Uncanny: Shooters who are biologically alive must mark a Stress each time they fire the weapon. Constructs, like Clanks, and undead, like Vampires, are immune to this cost."
di2,weapon,dread,Клинок Живущих,Blade of the Living,3,,2,magic,Strength,Melee,d10+11 mag,Two-Handed,,,,,https://artex-x.github.io/daggerheart-loot/i/di2.html,Жизненная сила: Вы получаете преимущество на атаки против нежити этим мечом. Не может использоваться нежитью.,Lifeforce: You have advantage on attacks against undead when attacking with this sword. Cannot be wielded by an undead.
di3,weapon,dread,Длинный Лук Фира,Longbow of Fyr,3,,3,magic,Agility,Far,d6+10 mag,Two-Handed,,,,,https://artex-x.github.io/daggerheart-loot/i/di3.html,Пылающее: За каждую выпавшую 6 на кости урона цель должна отметить Стресс.,"Flaming: For each 6 you roll on a damage die, the target must mark a Stress."
di4,weapon,dread,Туманный Проектор Ми-Го,Mi-Go Mist Projector,3,,4,magic,Knowledge,Close,d8+10 mag,One-Handed,,,,,https://artex-x.github.io/daggerheart-loot/i/di4.html,"Чужеродное: Вы получаете помеху на атаку этим оружием (если вы не Ми-Го). Ограниченный заряд: Когда на Костях Дуальности выпадает 4 или меньше без учёта модификаторов, это последний раз, когда проектор работает. Его можно перезарядить на действующей установке Ми-Го или космическом корабле.","Alien: You have disadvantage to attack with this weapon (unless you are a Mi-go). Limited Charges: When you roll a natural 4 or less on your duality dice, it's the last time the projector works. It can be recharged at a functioning Mi-Go installation or spaceship."
di5,weapon,dread,Посох Тайного Пламени,Staff of the Secret Flame,3,,5,magic,Instinct,Far,d6+7 mag,Two-Handed,,,,,https://artex-x.github.io/daggerheart-loot/i/di5.html,Пылающее: За каждую выпавшую 6 на кости урона цель должна отметить Стресс. Исцеление: Во время отдыха автоматически очищайте Рану.,"Flaming: For each 6 you roll on a damage die, the target must mark a Stress. Healing: During downtime, automatically clear a Hit Point."
di6,secondary,dread,Щит Солнца,Shield of the Sun,3,,6,,Strength,Melee,d4+4 mag,One-Handed,,,,,https://artex-x.github.io/daggerheart-loot/i/di6.html,"Солнечный свет: Вампиры получают помеху на атаки против вас Вплотную, когда вы используете этот щит.",Sunlight: Vampires have disadvantage when attacking you in Melee when you wield the shield.
di7,weapon,dread,Молниевая Пушка Йитианцев,Yithian Lightning Gun,4,,7,magic,Knowledge,Very Far,d12+10 mag,One-Handed,,,,,https://artex-x.github.io/daggerheart-loot/i/di7.html,"Чужеродное: Вы получаете помеху на атаку этим оружием (если вы не Йитианец). Ограниченная мощность: Когда на Костях Дуальности выпадают две 1, вы получаете критический успех, но это последний раз, когда оружие работает. Оно разряжено. Его можно перезарядить только на действующей базе Йитианцев, что может потребовать путешествия на 125 миллионов лет в прошлое.","Alien: You have disadvantage to attack with this weapon (unless you are a Yithian). Limited Power: When you roll two 1s on your duality dice, you get the critical hit, but it's the last time the gun works. It's now out of power. It can only be recharged at a functioning Yithian installation, which might require a trip to 125 million years in the past."
di8,item,dread,Амулет Зари,Amulet of the Dawn,,,8,,,,,,,,,,https://artex-x.github.io/daggerheart-loot/i/di8.html,"После успешной атаки против нежити или цели, поражённой скверной хаоса, потратьте Надежду, чтобы добавить кость к урону. На Ранге 1 добавьте d8; на Ранге 2 – d10; на Ранге 3 – d12; на Ранге 4 – d20.","After a successful attack against an undead or chaosblighted target, spend a hope to add a die to the damage. At tier 1, add a d8; at tier 2, add a d10; at tier 3, add a d12; and at tier 4, add a d20."
di9,item,dread,Амулет Жизнестойкости,Amulet of Vitality,,,9,,,,,,,,,,https://artex-x.github.io/daggerheart-loot/i/di9.html,"Вы получаете преимущество на Броски Реакции на Силу, пока носите этот амулет.",You gain advantage on Strength Reaction rolls while wearing this amulet.
di10,consumable,dread,Мистическая Смола,Arcane Resin,,,10,,,,,,,,,,https://artex-x.github.io/daggerheart-loot/i/di10.html,"Маленькая баночка воска для тетивы, которая меняет тип урона лука на магический. Персонажи без Характеристики Заклинателя должны отмечать Стресс при каждом выстреле, чтобы воск подействовал. Хватает на один лук или арбалет.",A tiny jar of bowstring wax that changes the damage type of the bow to magic damage. Characters without a Spellcast trait must mark a Stress with each shot to get the benefit from this wax. Good for one bow or crossbow.
di11,item,dread,Брошюра по Истории Искусства,Art History Booklet,,,11,,,,,,,,,,https://artex-x.github.io/daggerheart-loot/i/di11.html,"Это прекрасно иллюстрированная брошюра (пожертвование приветствуется), которая представляет крыло библиотеки как основополагающую работу по истории искусства. На самом деле на страницах представлена пёстрая коллекция производных изображений из других мест региона. Однако брошюра содержит подробные иллюстрации полезных карт и подсказок. Если прочитать её целиком, потратив Ход Отдыха во время продолжительного отдыха, читатель получает преимущество на понимание контекста местных преданий и на обнаружение скверны. «Местное» относится к месту, где была найдена брошюра.","This is a finely illustrated booklet (donation requested) that highlights a library wing as a foundational work in art history. In reality, the pages show a motley collection of derivative images from elsewhere around the region. However, the booklet includes detailed illustrations of useful maps and clues. After a full reading as a long rest downtime move, the reader gains advantage on understanding the context of local lore and on detecting corruption. Local is local to where the booklet is found."
di12,item,dread,Проклятая Брошюра,Cursed Booklet,,,12,,,,,,,,,,https://artex-x.github.io/daggerheart-loot/i/di12.html,"Эта бесплатная брошюра, «Моральный призыв содействовать процветанию торговли», меняет свою эстетику и стиль письма, чтобы соответствовать тому, что читатель ассоциирует с надёжностью и моральным благом. Прочитав название и прикоснувшись к книге, читатель получает помеху на действия, которые угрожают установленному порядку неравного распределения власти и богатства. Читатели чувствуют себя обязанными оправдывать свои действия, пропагандировать торговлю как моральное благо и побуждать других читать эту книгу.","This free booklet, 'The Moral Call to Promote Thriving Commerce,' shifts its aesthetics and writing style to match those the reader associates with trustworthiness and moral good. Upon reading the title and touching the book, the reader has disadvantage on actions that threaten the established order of imbalanced power and wealth. Readers feel compelled to justify their actions, proselytize commerce as a moral good, and encourage others to read the book."
di13,item,dread,Одеяния Дьявола,Devil's Vestments,,,13,,,,,,,,,,https://artex-x.github.io/daggerheart-loot/i/di13.html,"Аметистовые одеяния, которые делают владельца невидимым для нежити. При каждом продолжительном отдыхе дьявол требует, чтобы владелец убил невинного. Если он это делает, он получает сопротивление урону от нежити до следующего продолжительного отдыха.","Amethyst robes which make the wearer invisible to undead. Each day, a devil demands the owner murder an innocent. If they do, they are resistant to damage from undead until their next long rest."
di14,item,dread,Эспайрская Шестерёнка,Espairian Cog,,,14,,,,,,,,,,https://artex-x.github.io/daggerheart-loot/i/di14.html,"Вы начинаете каждую сессию с +1 Надеждой, пока носите эту Шестерёнку при себе.",You start each session with +1 Hope while you have this Cog on your person.
di15,item,dread,Зеркало Фей,Fey Mirror,,,15,,,,,,,,,,https://artex-x.github.io/daggerheart-loot/i/di15.html,"Раскрывает истинные облики и делает невидимое видимым. Смотрящий может совершить бросок Влияния, чтобы заметить злой умысел. Переброс невозможен до следующего продолжительного отдыха.",Reveals true forms and makes the invisible visible. The viewer can make a Presence roll to notice ill intent. May not re-roll until after a long rest.
di16,item,dread,Колчан Фей,Fey Quiver,,,16,,,,,,,,,,https://artex-x.github.io/daggerheart-loot/i/di16.html,"При находке содержит 1d6 стрел, отмеченных магией фейри. Вы можете отметить Стресс при использовании этих стрел, чтобы получить преимущество на броски атаки. Когда на кости урона выпадает 6, вы очищаете этот Стресс. Стрелы наносят магический урон. За каждый продолжительный отдых восстанавливайте 1 стрелу, отмеченную магией фейри, до максимума 6.","Contains 1d6 fey-touched arrows when found. You can mark a Stress when using these arrows to give advantage on attack rolls. When you roll a 6 on a damage die, you regain your Stress. Arrows do magical damage. Every long rest, recover 1 fey-touched arrow, to a maximum of 6."
di17,consumable,dread,Ледяная Граната,Frost Grenade,,,17,,,,,,,,,,https://artex-x.github.io/daggerheart-loot/i/di17.html,"При броске взрывается, нанося 3d8 магического ледяного урона всем существам в пределах Близкой дистанции.","If thrown, explodes for 3d8 magical frost damage to all creatures within very close range."
di18,consumable,dread,Ледяное Масло,Frost Oil,,,18,,,,,,,,,,https://artex-x.github.io/daggerheart-loot/i/di18.html,"Покрывает предмет размером не больше двуручного меча, делая его болезненно холодным до конца сцены. При использовании на оружии добавляет 1d6 магического ледяного урона.","Coats an item no bigger than a greatsword and turns it painfully cold for 5 minutes. If used on a weapon, it adds 1d6 magical frost damage."
di19,item,dread,Стекло из Ленга,Glass from Leng,,,19,,,,,,,,,,https://artex-x.github.io/daggerheart-loot/i/di19.html,"Большое круглое окно из мутного стекла. Тот, кто поместит его в пентаграмму, нарисованную красным мелом, произнесёт краткий стих и будет смотреть в него более минуты, увидит случайные видения существ из Мифов Ктулху. Эти существа могут посмотреть на смотрящего в ответ. Сцену нельзя контролировать.","A great round window of clouded glass. Anyone placing it in a pentagram drawn with red chalk, reciting a brief verse, and staring into it for more than a minute sees random visions of Cthulhu Mythos creatures. These creatures can look back at the viewer. The scene cannot be controlled."
di20,consumable,dread,Масло Зелёной Слизи,Green Ooze Oil,,,20,,,,,,,,,,https://artex-x.github.io/daggerheart-loot/i/di20.html,"Покрывает предмет размером не больше двуручного меча кислотой Зелёной Слизи, которая уничтожит большинство предметов, если пользователь немедленно не потратит Надежду. При нанесении на оружие действует до конца сцены и добавляет 1d6 магического кислотного урона.","Coats an item no bigger than a greatsword with Green Ooze acid, which will destroy most items unless the user immediately spends a Hope. If applied to a weapon, it lasts for 5 minutes and adds 1d6 magical acid damage."
di21,consumable,dread,Банка Зелёной Слизи,Jar of Green Ooze Slime,,,21,,,,,,,,,,https://artex-x.github.io/daggerheart-loot/i/di21.html,"Хрупкая банка размером с кулак, наполненная зелёной слизью, которая наносит 2d6 магического кислотного урона при попадании в существо. Пригодится при встрече с большинством троллей.",A fist-sized breakable jar of green slime that does 2d6 magical acid damage if thrown at a creature. Useful when encountering most trolls.
di22,consumable,dread,Сыворотка Протокола Лазаря,Lazarus Protocol Serum,,,22,,,,,,,,,,https://artex-x.github.io/daggerheart-loot/i/di22.html,"После инъекции получите 5 Жетонов Сыворотки. Потратьте жетон перед действием, чтобы ваша Кость Страха стала d20. Эффекты проходят, когда пользователь в следующий раз подвергается воздействию прямого солнечного света или у вас заканчиваются жетоны. Когда эффекты проходят, пользователь должен совершить Бросок Реакции на Силу (21) или навсегда снизить Силу на 1, или, по желанию и на усмотрение Мастера, пройти Трансформацию в Вампира, если вы используете её в своей игре. Если вы используете Трансформацию, сыворотка больше на вас не действует.","After injection, gain 5 Serum Tokens. Spend a token before an action to make your Fear die a d20 instead. The effects wear off when the user is next exposed to direct sunlight, or you run out of tokens. When the effects fade, the user has to make a Strength Reaction Roll (21) or lose 1 point of Strength permanently, or optionally and at the GM's discretion, take the Vampire Transformation if you are using it in your game. If you use the Vampire Transformation, the serum no longer affects you."
di23,item,dread,Цилиндр для Мозга Ми-Го,Mi-Go Brain Cylinder,,,23,,,,,,,,,,https://artex-x.github.io/daggerheart-loot/i/di23.html,"Способен поддерживать жизнь мозга. В комплекте идут аксессуары, которые можно подключить, чтобы мозг мог слышать, видеть и говорить. Мозги персонажей игроков, помещённые в цилиндр, имеют максимальный Стресс 0.","Capable of keeping a brain alive. Comes with accessories that can plug in to let the brain hear, see, and speak. PC brains put in a cylinder have a maximum Stress of 0."
di24,item,dread,Лунный Шарф,Moon Scarf,,,24,,,,,,,,,,https://artex-x.github.io/daggerheart-loot/i/di24.html,"Шарф из лунного света, приносящий покой. Один раз за отдых очищает 1d3 Стресса.","A scarf made of moonlight, bringing calm. Recover 1d3 Stress once per rest."
di25,item,dread,Ручка Друзей,Pen of Pals,,,25,,,,,,,,,,https://artex-x.github.io/daggerheart-loot/i/di25.html,"Когда вы используете эту ручку, чтобы написать человеку, которого считаете другом, только он сможет это прочитать.","When you use this pen to write to a person you believe to be your friend, only they can read it."
di26,item,dread,Пурпурный Прицел,Purple Aim,,,26,,,,,,,,,,https://artex-x.github.io/daggerheart-loot/i/di26.html,"Прикрепите эту аметистовую линзу к дистанционному оружию как Ход Отдыха, чтобы дать оружию свойство «Надёжное»: +1 к броскам атаки.",Attach this amethyst lens to a ranged weapon as a downtime move to give the weapon the reliable feature: +1 to attack rolls.
di27,item,dread,Серебряный Ключ,Silver Key,,,27,,,,,,,,,,https://artex-x.github.io/daggerheart-loot/i/di27.html,"Огромный ключ из потускневшего серебра, покрытый странными иероглифами. Отнеся этот ключ в место, которое вы видели во сне в прошлом, вы сможете физически перейти в Страны Сновидений.",A huge key of tarnished silver covered with strange hieroglyphs. Taking this key to a place you dreamed in the past allows you to physically cross over into the Dreamlands.
di28,item,dread,Тиара Разговора,Tiara of Talking,,,28,,,,,,,,,,https://artex-x.github.io/daggerheart-loot/i/di28.html,"Пока вы носите эту декоративную тиару, вы можете отметить Стресс, чтобы получить возможность говорить с выбранным видом животных. Ваша голова принимает форму головы животного, с которым вы говорите. Длится до конца вашего следующего отдыха или пока вы не решите снять её.","While wearing this decorative tiara, you can mark a Stress to be able to talk to an animal species of your choice. Your head takes on the shape of a head of the animal you are speaking to. Lasts until the end of your next rest, or you decide to take it down."
di29,consumable,dread,Склянка Святой Воды,Vial of Holy Water,,,29,,,,,,,,,,https://artex-x.github.io/daggerheart-loot/i/di29.html,"Обжигает демонов, дьяволов и нежить. Чтобы использовать в бою, совершите бросок Проворности для попадания, нанося d8 урона с использованием вашего Мастерства. Попадание также поражает все цели Вплотную от изначальной цели. Сераф добивается критического успеха святой водой всякий раз, когда совершает бросок с Надеждой, в дополнение к выпадению дублей на Костях Дуальности.","Burns demons, devils, and undead. To use in combat, make an Agility roll to hit for d8 damage using your Proficiency. A hit also affects all targets within Melee distance of the original target. A seraph scores a critical hit with holy water whenever they roll with hope, in addition to rolling doubles on the duality dice."
q1,weapon,Core,Палаш,Broadsword,1,,,physical,Agility,Melee,d8 phy,One-Handed,,,,,https://artex-x.github.io/daggerheart-loot/i/q1.html,Надёжное: +1 к броскам атаки,Reliable: +1 to attack rolls
q2,weapon,Core,Длинный Меч,Longsword,1,,,physical,Agility,Melee,d10+3 phy,Two-Handed,,,,,https://artex-x.github.io/daggerheart-loot/i/q2.html,,
q3,weapon,Core,Секира,Battleaxe,1,,,physical,Strength,Melee,d10+3 phy,Two-Handed,,,,,https://artex-x.github.io/daggerheart-loot/i/q3.html,,
q4,weapon,Core,Двуручный Меч,Greatsword,1,,,physical,Strength,Melee,d10+3 phy,Two-Handed,,,,,https://artex-x.github.io/daggerheart-loot/i/q4.html,Массивное: −1 к Уклонению; при успешной атаке бросьте дополнительную кость урона и отбросьте результат с наименьшим значением.,"Massive: −1 to Evasion; on a successful attack, roll an additional damage die and discard the lowest result."
q5,weapon,Core,Булава,Mace,1,,,physical,Strength,Melee,d8+1 phy,One-Handed,,,,,https://artex-x.github.io/daggerheart-loot/i/q5.html,,
q6,weapon,Core,Боевой Молот,Warhammer,1,,,physical,Strength,Melee,d12+3 phy,Two-Handed,,,,,https://artex-x.github.io/daggerheart-loot/i/q6.html,Тяжёлое: −1 к Уклонению,Heavy: −1 to Evasion
q7,weapon,Core,Кинжал,Dagger,1,,,physical,Finesse,Melee,d8+1 phy,One-Handed,,,,,https://artex-x.github.io/daggerheart-loot/i/q7.html,,
q8,weapon,Core,Боевой Посох,Quarterstaff,1,,,physical,Instinct,Melee,d10+3 phy,Two-Handed,,,,,https://artex-x.github.io/daggerheart-loot/i/q8.html,,
q9,weapon,Core,Сабля,Cutlass,1,,,physical,Presence,Melee,d8+1 phy,One-Handed,,,,,https://artex-x.github.io/daggerheart-loot/i/q9.html,,
q10,weapon,Core,Рапира,Rapier,1,,,physical,Presence,Melee,d8 phy,One-Handed,,,,,https://artex-x.github.io/daggerheart-loot/i/q10.html,"Быстрое: Когда вы совершаете атаку, вы можете отметить Стресс, чтобы выбрать целью еще одно существо в пределах дальности.","Quick: When you make an attack, you can mark a Stress to target another creature within range."
q11,weapon,Core,Алебарда,Halberd,1,,,physical,Strength,Very Close,d10+2 phy,Two-Handed,,,,,https://artex-x.github.io/daggerheart-loot/i/q11.html,Громоздкое: −1 к Искусности,Cumbersome: −1 to Finesse
q12,weapon,Core,Копьё,Spear,1,,,physical,Finesse,Very Close,d8+3 phy,Two-Handed,,,,,https://artex-x.github.io/daggerheart-loot/i/q12.html,,
q13,weapon,Core,Короткий Лук,Shortbow,1,,,physical,Agility,Far,d6+3 phy,Two-Handed,,,,,https://artex-x.github.io/daggerheart-loot/i/q13.html,,
q14,weapon,Core,Арбалет,Crossbow,1,,,physical,Finesse,Far,d6+1 phy,One-Handed,,,,,https://artex-x.github.io/daggerheart-loot/i/q14.html,,
q15,weapon,Core,Длинный Лук,Longbow,1,,,physical,Agility,Very Far,d8+3 phy,Two-Handed,,,,,https://artex-x.github.io/daggerheart-loot/i/q15.html,Громоздкое: −1 к Искусности,Cumbersome: −1 to Finesse
q16,weapon,Core,Магические Наручи,Arcane Gauntlets,1,,,magic,Strength,Melee,d10+3 mag,Two-Handed,,,,,https://artex-x.github.io/daggerheart-loot/i/q16.html,,
q17,weapon,Core,Священный Топор,Hallowed Axe,1,,,magic,Strength,Melee,d8+1 mag,One-Handed,,,,,https://artex-x.github.io/daggerheart-loot/i/q17.html,,
q18,weapon,Core,Сияющие Кольца,Glowing Rings,1,,,magic,Agility,Very Close,d10+2 mag,Two-Handed,,,,,https://artex-x.github.io/daggerheart-loot/i/q18.html,,
q19,weapon,Core,Наручные Руны,Hand Runes,1,,,magic,Instinct,Very Close,d10 mag,One-Handed,,,,,https://artex-x.github.io/daggerheart-loot/i/q19.html,,
q20,weapon,Core,Возвращающийся клинок,Returning Blade,1,,,magic,Finesse,Close,d8 mag,One-Handed,,,,,https://artex-x.github.io/daggerheart-loot/i/q20.html,"Возвращающееся: Когда это оружие брошено в пределах дистанции, оно появляется в вашей руке сразу после атаки.","Returning: When this weapon is thrown within its range, it appears in your hand immediately after the attack."
q21,weapon,Core,Короткий Посох,Shortstaff,1,,,magic,Instinct,Close,d8+1 mag,One-Handed,,,,,https://artex-x.github.io/daggerheart-loot/i/q21.html,,
q22,weapon,Core,Двойной Посох,Dualstaff,1,,,magic,Instinct,Far,d6+3 mag,Two-Handed,,,,,https://artex-x.github.io/daggerheart-loot/i/q22.html,,
q23,weapon,Core,Скипетр,Scepter,1,,,magic,Presence,Far,d6 mag,Two-Handed,,,,,https://artex-x.github.io/daggerheart-loot/i/q23.html,"Универсальное: Это оружие также можно использовать со следующими характеристиками: Влияние, Вплотную, d8.","Versatile: This weapon can also be used with these statistics—Presence, Melee, d8."
q24,weapon,Core,Волшебная палочка,Wand,1,,,magic,Knowledge,Far,d6+1 mag,One-Handed,,,,,https://artex-x.github.io/daggerheart-loot/i/q24.html,,
q25,weapon,Core,Двуручный Посох,Greatstaff,1,,,magic,Knowledge,Very Far,d6 mag,Two-Handed,,,,,https://artex-x.github.io/daggerheart-loot/i/q25.html,Мощное: При успешной атаке бросьте дополнительную кость урона и отбросьте результат с наименьшим значением.,"Powerful: On a successful attack, roll an additional damage die and discard the lowest result."
q26,weapon,Hope & Fear,Катана,Katana,1,,,physical,Agility,Melee,d10+3 phy,Two-Handed,,,,,https://artex-x.github.io/daggerheart-loot/i/q26.html,"Быстрое: Когда вы совершаете атаку, вы можете отметить Стресс, чтобы выбрать целью еще одно существо в пределах досягаемости.","Quick: When you make an attack, you can mark a Stress to target another creature within range."
q27,weapon,Hope & Fear,Кастет,Brass Knuckles,1,,,physical,Strength,Melee,d8+1 phy,One-Handed,,,,,https://artex-x.github.io/daggerheart-loot/i/q27.html,,
q28,weapon,Hope & Fear,Скимитар,Scimitar,1,,,physical,Presence,Melee,d8+1 phy,One-Handed,,,,,https://artex-x.github.io/daggerheart-loot/i/q28.html,,
q29,weapon,Hope & Fear,Волнистый Кинжал,Twisted Dagger,1,,,physical,Knowledge,Melee,d8 phy,One-Handed,,,,,https://artex-x.github.io/daggerheart-loot/i/q29.html,Пробивающее: Для урона этого оружия Порог Ощутимого урона цели считается со штрафом −2.,Piercing: Damage dealt with this weapon treats the target’s Major threshold as having a −2 penalty.
q30,weapon,Hope & Fear,Меч-Хлыст,Whipsword,1,,,physical,Finesse,Very Close,d8 phy,One-Handed,,,,,https://artex-x.github.io/daggerheart-loot/i/q30.html,"Универсальное: Это оружие также можно использовать со следующими характеристиками: Искусность, Вплотную, d10 физ.","Versatile: This weapon can also be used with these statistics—Finesse, Melee, d10."
q31,weapon,Hope & Fear,Кинжал на Веревке,Rope Dart,1,,,physical,Instinct,Close,d6+1 phy,Two-Handed,,,,,https://artex-x.github.io/daggerheart-loot/i/q31.html,,
q32,weapon,Hope & Fear,Меч Света,Brightsword,1,,,magic,Strength,Melee,d10+3 mag,Two-Handed,,,,,https://artex-x.github.io/daggerheart-loot/i/q32.html,,
q33,weapon,Hope & Fear,Меч Тьмы,Shadowblade,1,,,magic,Presence,Melee,d8 phy/mag,One-Handed,,,,,https://artex-x.github.io/daggerheart-loot/i/q33.html,Потустороннее: При успешной атаке можно выбрать тип урона.,"Otherworldly: On a successful attack, you can deal physical or magic damage."
q34,weapon,Hope & Fear,Зачарованный Чакрам,Enchanted Chakram,1,,,magic,Finesse,Close,d6+1 mag,One-Handed,,,,,https://artex-x.github.io/daggerheart-loot/i/q34.html,"Рикошет: При метании, возвращается в руку. Можно отметить Стресс, чтобы атаковать еще одного противника в пределах Близкой дистанции от цели тем же броском атаки.","Ricochet: When you throw this weapon, it returns to your hand. When you make an attack, you can mark a Stress to target another creature within Very Close range of the first target with that attack."
q35,weapon,Hope & Fear,Колдующий Кинжал,Casting Dagger,1,,,magic,Instinct,Close,d6 mag,One-Handed,,,,,https://artex-x.github.io/daggerheart-loot/i/q35.html,"Универсальное: Это оружие также можно использовать со следующими характеристиками: Инстинкт, Вплотную, d8 маг.","Versatile: This weapon can also be used with these statistics—Instinct, Melee, d8."
q36,weapon,Hope & Fear,Рунный Пистолет,Runelock Pistol,1,,,magic,Knowledge,Far,d6+3 mag,One-Handed,,,,,https://artex-x.github.io/daggerheart-loot/i/q36.html,"Перезарядка: После атаки бросьте d6. Если выпадет 1, вы должны отметить Стресс для перезарядки, прежде чем сможете стрелять снова.","Reloading: After you make an attack, roll a d6. On a result of 1, you must mark a Stress to reload this weapon before you can fire it again."
q37,weapon,Hope & Fear,Магическая Винтовка,Arcane Rifle,1,,,magic,Agility,Very Far,d10+3 mag,Two-Handed,,,,,https://artex-x.github.io/daggerheart-loot/i/q37.html,"Прицельное: Вы получаете помеху на атаку, если цель находится в пределах Близкой дистанции от вас или Вплотную к вашему союзнику. Вы можете отметить Стресс, чтобы отменить эту помеху.",Aimed: Your attack has disadvantage if the target is within Very Close range of you or within Melee range of one of your allies. You can mark a Stress to ignore this penalty.
q38,weapon,Core,Улучшенный Палаш,Improved Broadsword,2,,,physical,Agility,Melee,d8+3 phy,One-Handed,,,,,https://artex-x.github.io/daggerheart-loot/i/q38.html,Надёжное: +1 к броскам атаки,Reliable: +1 to attack rolls
q39,weapon,Core,Улучшенный Длинный Меч,Improved Longsword,2,,,physical,Agility,Melee,d10+6 phy,Two-Handed,,,,,https://artex-x.github.io/daggerheart-loot/i/q39.html,,
q40,weapon,Core,Улучшенная Секира,Improved Battleaxe,2,,,physical,Strength,Melee,d10+6 phy,Two-Handed,,,,,https://artex-x.github.io/daggerheart-loot/i/q40.html,,
q41,weapon,Core,Улучшенный Двуручный Меч,Improved Greatsword,2,,,physical,Strength,Melee,d10+6 phy,Two-Handed,,,,,https://artex-x.github.io/daggerheart-loot/i/q41.html,Массивное: −1 к Уклонению; при успешной атаке бросьте дополнительную кость урона и отбросьте результат с наименьшим значением.,"Massive: −1 to Evasion; on a successful attack, roll an additional damage die and discard the lowest result."
q42,weapon,Core,Улучшенная Булава,Improved Mace,2,,,physical,Strength,Melee,d8+4 phy,One-Handed,,,,,https://artex-x.github.io/daggerheart-loot/i/q42.html,,
q43,weapon,Core,Улучшенный Боевой Молот,Improved Warhammer,2,,,physical,Strength,Melee,d12+6 phy,Two-Handed,,,,,https://artex-x.github.io/daggerheart-loot/i/q43.html,Тяжёлое: −1 к Уклонению,Heavy: −1 to Evasion
q44,weapon,Core,Улучшенный Кинжал,Improved Dagger,2,,,physical,Finesse,Melee,d8+4 phy,One-Handed,,,,,https://artex-x.github.io/daggerheart-loot/i/q44.html,,
q45,weapon,Core,Улучшенный Боевой Посох,Improved Quarterstaff,2,,,physical,Instinct,Melee,d10+6 phy,Two-Handed,,,,,https://artex-x.github.io/daggerheart-loot/i/q45.html,,
q46,weapon,Core,Улучшенная Сабля,Improved Cutlass,2,,,physical,Presence,Melee,d8+4 phy,One-Handed,,,,,https://artex-x.github.io/daggerheart-loot/i/q46.html,,
q47,weapon,Core,Улучшенная Рапира,Improved Rapier,2,,,physical,Presence,Melee,d8+3 phy,One-Handed,,,,,https://artex-x.github.io/daggerheart-loot/i/q47.html,"Быстрое: Когда вы совершаете атаку, вы можете отметить Стресс, чтобы выбрать целью еще одно существо в пределах дальности.","Quick: When you make an attack, you can mark a Stress to target another creature within range."
q48,weapon,Core,Улучшенная Алебарда,Improved Halberd,2,,,physical,Strength,Very Close,d10+5 phy,Two-Handed,,,,,https://artex-x.github.io/daggerheart-loot/i/q48.html,Громоздкое: −1 к Искусности,Cumbersome: −1 to Finesse
q49,weapon,Core,Улучшенное Копьё,Improved Spear,2,,,physical,Finesse,Very Close,d8+6 phy,Two-Handed,,,,,https://artex-x.github.io/daggerheart-loot/i/q49.html,,
q50,weapon,Core,Улучшенный Короткий Лук,Improved Shortbow,2,,,physical,Agility,Far,d6+6 phy,Two-Handed,,,,,https://artex-x.github.io/daggerheart-loot/i/q50.html,,
q51,weapon,Core,Улучшенный Арбалет,Improved Crossbow,2,,,physical,Finesse,Far,d6+4 phy,One-Handed,,,,,https://artex-x.github.io/daggerheart-loot/i/q51.html,,
q52,weapon,Core,Улучшенный Длинный Лук,Improved Longbow,2,,,physical,Agility,Very Far,d8+6 phy,Two-Handed,,,,,https://artex-x.github.io/daggerheart-loot/i/q52.html,Громоздкое: −1 к Искусности,Cumbersome: −1 to Finesse
q53,weapon,Core,Позолоченный Фальшион,Gilded Falchion,2,,,physical,Strength,Melee,d10+4 phy,One-Handed,,,,,https://artex-x.github.io/daggerheart-loot/i/q53.html,Мощное: При успешной атаке бросьте дополнительную кость урона и отбросьте результат с наименьшим значением.,"Powerful: On a successful attack, roll an additional damage die and discard the lowest result."
q54,weapon,Core,Кастеты с лезвиями,Knuckle Blades,2,,,physical,Strength,Melee,d10+6 phy,Two-Handed,,,,,https://artex-x.github.io/daggerheart-loot/i/q54.html,"Жестокое: Когда вы выбрасываете максимальное значение на кости урона, бросьте дополнительную кость урона.","Brutal: When you roll the maximum value on a damage die, roll an additional damage die."
q55,weapon,Core,Палаш Урока,Urok Broadsword,2,,,physical,Finesse,Melee,d8+3 phy,One-Handed,,,,,https://artex-x.github.io/daggerheart-loot/i/q55.html,"Смертоносное: Когда вы наносите Тяжелый урон цели, она должна отметить дополнительную Рану.","Deadly: When you deal Severe damage, the target must mark an additional HP."
q56,weapon,Core,Клинковый Кнут,Bladed Whip,2,,,physical,Agility,Very Close,d8+3 phy,One-Handed,,,,,https://artex-x.github.io/daggerheart-loot/i/q56.html,"Быстрое: Когда вы совершаете атаку, вы можете отметить Стресс, чтобы выбрать целью еще одно существо в пределах дальности.","Quick: When you make an attack, you can mark a Stress to target another creature within range."
q57,weapon,Core,Стальная Алебарда,Steelforged Halberd,2,,,physical,Strength,Very Close,d8+4 phy,Two-Handed,,,,,https://artex-x.github.io/daggerheart-loot/i/q57.html,"Устрашающее: При успешной атаке по цели, она должна отметить Стресс.","Scary: On a successful attack, the target must mark a Stress."
q58,weapon,Core,Боевая Коса,War Scythe,2,,,physical,Finesse,Very Close,d8+5 phy,Two-Handed,,,,,https://artex-x.github.io/daggerheart-loot/i/q58.html,Надёжное: +1 к броскам атаки,Reliable: +1 to attack rolls
q59,weapon,Core,Мушкетон,Blunderbuss,2,,,physical,Finesse,Close,d8+6 phy,Two-Handed,,,,,https://artex-x.github.io/daggerheart-loot/i/q59.html,"Перезарядка: После того, как вы совершили атаку, бросьте d6. При результате в 1 вы должны отметить Стресс, чтобы перезарядить это оружие, прежде чем вы сможете выстрелить снова.","Reloading: After you make an attack, roll a d6. On a result of 1, you must mark a Stress to reload this weapon before you can fire it again."
q60,weapon,Core,Большой Лук,Greatbow,2,,,physical,Strength,Far,d6+6 phy,Two-Handed,,,,,https://artex-x.github.io/daggerheart-loot/i/q60.html,Мощное: При успешной атаке бросьте дополнительную кость урона и отбросьте результат с наименьшим значением.,"Powerful: On a successful attack, roll an additional damage die and discard the lowest result."
q61,weapon,Core,Шёлковый Лук,Finehair Bow,2,,,physical,Agility,Very Far,d6+5 phy,Two-Handed,,,,,https://artex-x.github.io/daggerheart-loot/i/q61.html,Надёжное: +1 к броскам атаки,Reliable: +1 to attack rolls
q62,weapon,Core,Улучшенные Магические Наручи,Improved Arcane Gauntlets,2,,,magic,Strength,Melee,d10+6 mag,Two-Handed,,,,,https://artex-x.github.io/daggerheart-loot/i/q62.html,,
q63,weapon,Core,Улучшенный Священный Топор,Improved Hallowed Axe,2,,,magic,Strength,Melee,d8+4 mag,One-Handed,,,,,https://artex-x.github.io/daggerheart-loot/i/q63.html,,
q64,weapon,Core,Улучшенные Сияющие Кольца,Improved Glowing Rings,2,,,magic,Agility,Very Close,d10+5 mag,Two-Handed,,,,,https://artex-x.github.io/daggerheart-loot/i/q64.html,,
q65,weapon,Core,Улучшенные Наручные Руны,Improved Hand Runes,2,,,magic,Instinct,Very Close,d10+3 mag,One-Handed,,,,,https://artex-x.github.io/daggerheart-loot/i/q65.html,,
q66,weapon,Core,Улучшенный Возвращающийся Клинок,Improved Returning Blade,2,,,magic,Finesse,Close,d8+3 mag,One-Handed,,,,,https://artex-x.github.io/daggerheart-loot/i/q66.html,"Возвращающееся: Когда это оружие брошено в пределах дистанции, оно появляется в вашей руке сразу после атаки.","Returning: When this weapon is thrown within its range, it appears in your hand immediately after the attack."
q67,weapon,Core,Улучшенный Короткий Посох,Improved Shortstaff,2,,,magic,Instinct,Close,d8+4 mag,One-Handed,,,,,https://artex-x.github.io/daggerheart-loot/i/q67.html,,
q68,weapon,Core,Улучшенный Двойной Посох,Improved Dualstaff,2,,,magic,Instinct,Far,d6+6 mag,Two-Handed,,,,,https://artex-x.github.io/daggerheart-loot/i/q68.html,,
q69,weapon,Core,Улучшенный Скипетр,Improved Scepter,2,,,magic,Presence,Far,d6+3 mag,Two-Handed,,,,,https://artex-x.github.io/daggerheart-loot/i/q69.html,"Универсальное: Это оружие также можно использовать со следующими характеристиками: Влияние, Вплотную, d8+3.","Versatile: This weapon can also be used with these statistics—Presence, Melee, d8+3."
q70,weapon,Core,Улучшенная Волшебная Палочка,Improved Wand,2,,,magic,Knowledge,Far,d6+4 mag,One-Handed,,,,,https://artex-x.github.io/daggerheart-loot/i/q70.html,,
q71,weapon,Core,Улучшенный Двуручный Посох,Improved Greatstaff,2,,,magic,Knowledge,Very Far,d6+3 mag,Two-Handed,,,,,https://artex-x.github.io/daggerheart-loot/i/q71.html,Мощное: При успешной атаке бросьте дополнительную кость урона и отбросьте результат с наименьшим значением.,"Powerful: On a successful attack, roll an additional damage die and discard the lowest result."
q72,weapon,Core,Клинок Эго,Ego Blade,2,,,magic,Agility,Melee,d12+4 mag,One-Handed,,,,,https://artex-x.github.io/daggerheart-loot/i/q72.html,Надменное: Для использования этого оружия необходимо иметь Влияние 0 или ниже.,Pompous: You must have a Presence of 0 or lower to use this weapon.
q73,weapon,Core,Колдующий Меч,Casting Sword,2,,,magic,Strength,Melee,d10+4 mag,Two-Handed,,,,,https://artex-x.github.io/daggerheart-loot/i/q73.html,"Универсальное: Это оружие также можно использовать со следующими характеристиками: Знание, Далеко, d6+3.","Versatile: This weapon can also be used with these statistics—Knowledge, Far, d6+3."
q74,weapon,Core,Пожирающий Кинжал,Devouring Dagger,2,,,magic,Finesse,Melee,d8+4 mag,One-Handed,,,,,https://artex-x.github.io/daggerheart-loot/i/q74.html,"Устрашающее: При успешной атаке по цели, она должна отметить Стресс.","Scary: On a successful attack, the target must mark a Stress."
q75,weapon,Core,Молот Экзоты,Hammer of Exota,2,,,magic,Instinct,Melee,d8+6 mag,Two-Handed,,,,,https://artex-x.github.io/daggerheart-loot/i/q75.html,Извергающееся: При успешной атаке по цели Вплотную все остальные противники в пределах Близкой дистанции должны успешно выполнить Бросок Реакции (14) или получить половину урона.,"Eruptive: On a successful attack against a target within Melee range, all other adversaries within Very Close range must succeed on a reaction roll (14) or take half damage."
q76,weapon,Core,Кровавый Лук Ютари,Yutari Bloodbow,2,,,magic,Finesse,Far,d6+4 mag,Two-Handed,,,,,https://artex-x.github.io/daggerheart-loot/i/q76.html,"Жестокое: Когда вы выбрасываете максимальное значение на кости урона, бросьте дополнительную кость урона.","Brutal: When you roll the maximum value on a damage die, roll an additional damage die."
q77,weapon,Core,Древний Лук,Elder Bow,2,,,magic,Instinct,Far,d6+4 mag,Two-Handed,,,,,https://artex-x.github.io/daggerheart-loot/i/q77.html,Мощное: При успешной атаке бросьте дополнительную кость урона и отбросьте результат с наименьшим значением.,"Powerful: On a successful attack, roll an additional damage die and discard the lowest result."
q78,weapon,Core,Скипетр Элиаса,Scepter of Elias,2,,,magic,Presence,Far,d6+3 mag,One-Handed,,,,,https://artex-x.github.io/daggerheart-loot/i/q78.html,Бодрящее: При успешной атаке бросьте d4. При результате в 4 очистите Стресс.,"Invigorating: On a successful attack, roll a d4. On a result of 4, clear a Stress."
q79,weapon,Core,Палочка Очарования,Wand of Enthrallment,2,,,magic,Presence,Far,d6+4 mag,One-Handed,,,,,https://artex-x.github.io/daggerheart-loot/i/q79.html,"Убедительное: Перед тем как совершить бросок Влияния, вы можете отметить Стресс, чтобы получить бонус +2 к результату.","Persuasive: Before you make a Presence Roll, you can mark a Stress to gain a +2 bonus to the result."
q80,weapon,Core,Посох Хранителя,Keeper’s Staff,2,,,magic,Knowledge,Far,d6+4 mag,Two-Handed,,,,,https://artex-x.github.io/daggerheart-loot/i/q80.html,Надёжное: +1 к броскам атаки,Reliable: +1 to attack rolls
q81,weapon,Hope & Fear,Улучшенная Катана,Improved Katana,2,,,physical,Agility,Melee,d10+6 phy,Two-Handed,,,,,https://artex-x.github.io/daggerheart-loot/i/q81.html,"Быстрое: Когда вы совершаете атаку, вы можете отметить Стресс, чтобы выбрать целью еще одно существо в пределах досягаемости.","Quick: When you make an attack, you can mark a Stress to target another creature within range."
q82,weapon,Hope & Fear,Улучшенный Кастет,Improved Brass Knuckles,2,,,physical,Strength,Melee,d8+4 phy,One-Handed,,,,,https://artex-x.github.io/daggerheart-loot/i/q82.html,,
q83,weapon,Hope & Fear,Улучшенный Скимитар,Improved Scimitar,2,,,physical,Presence,Melee,d8+4 phy,One-Handed,,,,,https://artex-x.github.io/daggerheart-loot/i/q83.html,,
q84,weapon,Hope & Fear,Улучшенный Волнистый Кинжал,Improved Twisted Dagger,2,,,physical,Knowledge,Melee,d8+3 phy,One-Handed,,,,,https://artex-x.github.io/daggerheart-loot/i/q84.html,Пробивающее: Для урона этого оружия Порог Ощутимого урона цели считается со штрафом −2.,Piercing: Damage dealt with this weapon treats the target’s Major threshold as having a −2 penalty.
q85,weapon,Hope & Fear,Улучшенный Меч-Хлыст,Improved Whipsword,2,,,physical,Finesse,Very Close,d8+3 phy,One-Handed,,,,,https://artex-x.github.io/daggerheart-loot/i/q85.html,"Универсальное: Это оружие также можно использовать со следующими характеристиками: Искусность, Вплотную, d10+3 физ.","Versatile: This weapon can also be used with these statistics—Finesse, Melee, d10+3."
q86,weapon,Hope & Fear,Улучшенный Кинжал на Веревке,Improved Rope Dart,2,,,physical,Instinct,Close,d6+4 phy,Two-Handed,,,,,https://artex-x.github.io/daggerheart-loot/i/q86.html,,
q87,weapon,Hope & Fear,Боевая Кирка,War Pick,2,,,physical,Strength,Melee,d8+3 phy,One-Handed,,,,,https://artex-x.github.io/daggerheart-loot/i/q87.html,"Смертоносное: Когда вы наносите Тяжелый урон цели, она должна отметить дополнительную Рану.","Deadly: When you deal Severe damage, the target must mark an additional HP."
q88,weapon,Hope & Fear,Меч-Трость,Cane Sword,2,,,physical,Finesse,Melee,d8+4 phy,One-Handed,,,,,https://artex-x.github.io/daggerheart-loot/i/q88.html,Выдвижное: Клинок может быть спрятан в трости для незаметности.,Retractable: The blade can be hidden in the cane to avoid detection.
q89,weapon,Hope & Fear,Веер из Лезвий,Bladed Fan,2,,,physical,Presence,Melee,d8+3 phy,One-Handed,,,,,https://artex-x.github.io/daggerheart-loot/i/q89.html,"Парирование: Когда вас атакуют, сделайте бросок урона этого оружия. Все кости противника, чей результат совпал с результатами на ваших костях, не считаются для суммы нанесенного вам урона.","Parry: When you are attacked, roll this weapon’s damage dice. If any of the attacker’s damage dice rolled the same value as your dice, the matching results are discarded from the attacker’s damage dice before the damage you take is totaled."
q90,weapon,Hope & Fear,Скальпель Хирурга,Cyrurgien’s Scalpel,2,,,physical,Knowledge,Melee,d8+3 phy,One-Handed,,,,,https://artex-x.github.io/daggerheart-loot/i/q90.html,Устрашающее: При успешной атаке по цели она должна отметить Стресс.,"Scary: On a successful attack, the target must mark a Stress."
q91,weapon,Hope & Fear,Тяжелое Копье,Lance,2,,,physical,Instinct,Very Close,d10+5 phy,Two-Handed,,,,,https://artex-x.github.io/daggerheart-loot/i/q91.html,Громоздкое: −1 к Искусности,Cumbersome: −1 to Finesse
q92,weapon,Hope & Fear,Метательное Копье,Javelins,2,,,physical,Agility,Very Close,d6+6 phy,One-Handed,,,,,https://artex-x.github.io/daggerheart-loot/i/q92.html,"Резерв: Вы можете метать это оружие в цели в пределах Далекой дистанции, делая бросок Проворности, и вам не нужно подбирать его, так как у вас под рукой всегда есть еще одно.","Stockpiled: You can throw this weapon at a target within Far range by making an attack roll using Agility without having to retrieve it, as you always have another one on hand."
q93,weapon,Hope & Fear,Улучшенный Меч Света,Improved Brightsword,2,,,magic,Strength,Melee,d10+6 mag,Two-Handed,,,,,https://artex-x.github.io/daggerheart-loot/i/q93.html,,
q94,weapon,Hope & Fear,Улучшенный Меч Тьмы,Improved Shadowblade,2,,,magic,Presence,Melee,d8+3 phy/mag,One-Handed,,,,,https://artex-x.github.io/daggerheart-loot/i/q94.html,Потустороннее: При успешной атаке можно выбрать тип урона.,"Otherworldly: On a successful attack, you can deal physical or magic damage."
q95,weapon,Hope & Fear,Улучшенный Зачарованный Чакрам,Improved Enchanted Chakram,2,,,magic,Finesse,Close,d6+4 mag,One-Handed,,,,,https://artex-x.github.io/daggerheart-loot/i/q95.html,"Рикошет: При метании, возвращается в руку. Можно отметить Стресс, чтобы атаковать еще одного противника в пределах Близкой дистанции от цели тем же броском атаки.","Ricochet: When you throw this weapon, it returns to your hand. When you make an attack, you can mark a Stress to target another creature within Very Close range of the first target with that attack."
q96,weapon,Hope & Fear,Улучшенный Колдующий Кинжал,Improved Casting Dagger,2,,,magic,Instinct,Close,d6+3 mag,One-Handed,,,,,https://artex-x.github.io/daggerheart-loot/i/q96.html,"Универсальное: Это оружие также можно использовать со следующими характеристиками: Инстинкт, Вплотную, d8+3 маг.","Versatile: This weapon can also be used with these statistics—Instinct, Melee, d8+3."
q97,weapon,Hope & Fear,Улучшенный Рунный Пистолет,Improved Runelock Pistol,2,,,magic,Knowledge,Far,d6+6 mag,One-Handed,,,,,https://artex-x.github.io/daggerheart-loot/i/q97.html,"Перезарядка: После атаки бросьте d6. Если выпадет 1, вы должны отметить Стресс для перезарядки, прежде чем сможете стрелять снова.","Reloading: After you make an attack, roll a d6. On a result of 1, you must mark a Stress to reload this weapon before you can fire it again."
q98,weapon,Hope & Fear,Улучшенная Магическая Винтовка,Improved Arcane Rifle,2,,,magic,Agility,Very Far,d10+6 mag,Two-Handed,,,,,https://artex-x.github.io/daggerheart-loot/i/q98.html,"Прицельное: Вы получаете помеху на атаку, если цель находится в пределах Близкой дистанции от вас или Вплотную к вашему союзнику. Вы можете отметить Стресс, чтобы отменить эту помеху.",Aimed: Your attack has disadvantage if the target is within Very Close range of you or within Melee range of one of your allies. You can mark a Stress to ignore this penalty.
q99,weapon,Hope & Fear,Зачарованная Шилейла,Enchanted Shillelagh,2,,,magic,Strength,Melee,d8+3 mag,One-Handed,,,,,https://artex-x.github.io/daggerheart-loot/i/q99.html,Защитное: +1 к Показателю,Protective: +1 to your Armor Score
q100,weapon,Hope & Fear,Брони Ускользающее Лезвие,Displacement Razor,2,,,magic,Finesse,Melee,d8+3 mag,Two-Handed,,,,,https://artex-x.github.io/daggerheart-loot/i/q100.html,Вездесущее: Вы можете с помехой атаковать цели в пределах Очень Далекой дистанции.,"Omnipresent: You can make attacks against targets within Very Far range, but must do so with disadvantage."
q101,weapon,Hope & Fear,Заколдованные Браслеты,Spellbound Bangles,2,,,magic,Knowledge,Melee,d10+6 mag,Two-Handed,,,,,https://artex-x.github.io/daggerheart-loot/i/q101.html,,
q102,weapon,Hope & Fear,Кристалл Ярости,Fury Gem,2,,,magic,Instinct,Close,d8+3 mag,One-Handed,,,,,https://artex-x.github.io/daggerheart-loot/i/q102.html,"Горящее: Когда вы выбрасываете максимум на кости урона, цель должна отметить Стресс.","Burning: When you roll the maximum result on a damage die, the target must mark a Stress."
q103,weapon,Hope & Fear,Зачарованная Лютня,Enchanted Lute,2,,,magic,Presence,Close,d8+3 mag,Two-Handed,,,,,https://artex-x.github.io/daggerheart-loot/i/q103.html,Бодрящее: При успешной атаке бросьте d4. При результате 4 очистите Стресс.,"Invigorating: On a successful attack, roll a d4. On a result of 4, clear a Stress."
q104,weapon,Hope & Fear,Расщепляющийся Лук,Splintershaft Bow,2,,,magic,Agility,Far,d6+6 mag,Two-Handed,,,,,https://artex-x.github.io/daggerheart-loot/i/q104.html,"Залповое: Потратьте Надежду, чтобы выбрать группу существ в пределах досягаемости. Цели, против которых вы преуспели, получают половину урона.",Volleyed: Spend a Hope to target a group of creatures within range. Targets you succeed against take half damage.
q105,weapon,Core,Продвинутый Палаш,Advanced Broadsword,3,,,physical,Agility,Melee,d8+6 phy,One-Handed,,,,,https://artex-x.github.io/daggerheart-loot/i/q105.html,Надёжное: +1 к броскам атаки,Reliable: +1 to attack rolls
q106,weapon,Core,Продвинутый Длинный Меч,Advanced Longsword,3,,,physical,Agility,Melee,d10+9 phy,Two-Handed,,,,,https://artex-x.github.io/daggerheart-loot/i/q106.html,,
q107,weapon,Core,Продвинутая Секира,Advanced Battleaxe,3,,,physical,Strength,Melee,d10+9 phy,Two-Handed,,,,,https://artex-x.github.io/daggerheart-loot/i/q107.html,,
q108,weapon,Core,Продвинутый Двуручный Меч,Advanced Greatsword,3,,,physical,Strength,Melee,d10+9 phy,Two-Handed,,,,,https://artex-x.github.io/daggerheart-loot/i/q108.html,Массивное: −1 к Уклонению; при успешной атаке бросьте дополнительную кость урона и отбросьте результат с наименьшим значением.,"Massive: −1 to Evasion; on a successful attack, roll an additional damage die and discard the lowest result."
q109,weapon,Core,Продвинутая Булава,Advanced Mace,3,,,physical,Strength,Melee,d8+7 phy,One-Handed,,,,,https://artex-x.github.io/daggerheart-loot/i/q109.html,,
q110,weapon,Core,Продвинутый Боевой Молот,Advanced Warhammer,3,,,physical,Strength,Melee,d12+9 phy,Two-Handed,,,,,https://artex-x.github.io/daggerheart-loot/i/q110.html,Тяжёлое: −1 к Уклонению,Heavy: −1 to Evasion
q111,weapon,Core,Продвинутый Кинжал,Advanced Dagger,3,,,physical,Finesse,Melee,d8+7 phy,One-Handed,,,,,https://artex-x.github.io/daggerheart-loot/i/q111.html,,
q112,weapon,Core,Продвинутый Боевой Посох,Advanced Quarterstaff,3,,,physical,Instinct,Melee,d10+9 phy,Two-Handed,,,,,https://artex-x.github.io/daggerheart-loot/i/q112.html,,
q113,weapon,Core,Продвинутая Сабля,Advanced Cutlass,3,,,physical,Presence,Melee,d8+7 phy,One-Handed,,,,,https://artex-x.github.io/daggerheart-loot/i/q113.html,,
q114,weapon,Core,Продвинутая Рапира,Advanced Rapier,3,,,physical,Presence,Melee,d8+6 phy,One-Handed,,,,,https://artex-x.github.io/daggerheart-loot/i/q114.html,"Быстрое: Когда вы совершаете атаку, вы можете отметить Стресс, чтобы выбрать целью еще одно существо в пределах дальности.","Quick: When you make an attack, you can mark a Stress to target another creature within range."
q115,weapon,Core,Продвинутая Алебарда,Advanced Halberd,3,,,physical,Strength,Very Close,d10+8 phy,Two-Handed,,,,,https://artex-x.github.io/daggerheart-loot/i/q115.html,Громоздкое: −1 к Искусности,Cumbersome: −1 to Finesse
q116,weapon,Core,Продвинутое Копьё,Advanced Spear,3,,,physical,Finesse,Very Close,d8+9 phy,Two-Handed,,,,,https://artex-x.github.io/daggerheart-loot/i/q116.html,,
q117,weapon,Core,Продвинутый Короткий Лук,Advanced Shortbow,3,,,physical,Agility,Far,d6+9 phy,Two-Handed,,,,,https://artex-x.github.io/daggerheart-loot/i/q117.html,,
q118,weapon,Core,Продвинутый Арбалет,Advanced Crossbow,3,,,physical,Finesse,Far,d6+7 phy,One-Handed,,,,,https://artex-x.github.io/daggerheart-loot/i/q118.html,,
q119,weapon,Core,Продвинутый Длинный Лук,Advanced Longbow,3,,,physical,Agility,Very Far,d8+9 phy,Two-Handed,,,,,https://artex-x.github.io/daggerheart-loot/i/q119.html,Громоздкое: −1 к Искусности,Cumbersome: −1 to Finesse
q120,weapon,Core,Клинок Светлячка,Flickerfly Blade,3,,,physical,Agility,Melee,d8+5 phy,One-Handed,,,,,https://artex-x.github.io/daggerheart-loot/i/q120.html,"Острокрылое: Получите бонус к броскам урона, равный вашей Проворности.",Sharpwing: Gain a bonus to your damage rolls equal to your Agility.
q121,weapon,Core,Меч Храбрости,Bravesword,3,,,physical,Strength,Melee,d12+7 phy,Two-Handed,,,,,https://artex-x.github.io/daggerheart-loot/i/q121.html,Храброе: −1 к Уклонению; +3 к Тяжелому порогу урона,Brave: −1 to Evasion; +3 to Severe damage threshold
q122,weapon,Core,Молот Гнева,Hammer of Wrath,3,,,physical,Strength,Melee,d10+7 phy,Two-Handed,,,,,https://artex-x.github.io/daggerheart-loot/i/q122.html,"Опустошающее: Перед тем, как совершить бросок атаки, вы можете отметить Стресс, чтобы использовать d20 в качестве кости урона.","Devastating: Before you make an attack roll, you can mark a Stress to use a d20 as your damage die."
q123,weapon,Core,Топор Лабрис,Labrys Axe,3,,,physical,Strength,Melee,d10+7 phy,Two-Handed,,,,,https://artex-x.github.io/daggerheart-loot/i/q123.html,Защитное: +1 к Показателю Брони,Protective: +1 to Armor Score
q124,weapon,Core,Сабля Меридиана,Meridian Cutlass,3,,,physical,Presence,Melee,d10+5 phy,One-Handed,,,,,https://artex-x.github.io/daggerheart-loot/i/q124.html,"Дуэльное: Если в пределах Средней дистанции от цели нет других существ, получите Преимущество к своему броску Атаки против неё.","Dueling: When there are no other creatures within Close range of the target, gain advantage on your attack roll against them."
q125,weapon,Core,Выдвижная сабля,Retractable Saber,3,,,physical,Presence,Melee,d10+7 phy,One-Handed,,,,,https://artex-x.github.io/daggerheart-loot/i/q125.html,"Выдвижное: Лезвие можно скрыть в рукояти, чтобы избежать обнаружения.",Retractable: The blade can be hidden in the hilt to avoid detection.
q126,weapon,Core,Двойной Цеп,Double Flail,3,,,physical,Agility,Very Close,d10+8 phy,Two-Handed,,,,,https://artex-x.github.io/daggerheart-loot/i/q126.html,Мощное: При успешной атаке бросьте дополнительную кость урона и отбросьте результат с наименьшим значением.,"Powerful: On a successful attack, roll an additional damage die and discard the lowest result."
q127,weapon,Core,Клинки-Когти,Talon Blades,3,,,physical,Finesse,Close,d10+7 phy,Two-Handed,,,,,https://artex-x.github.io/daggerheart-loot/i/q127.html,"Жестокое: Когда вы выбрасываете максимальное значение на кости урона, бросьте дополнительную кость урона.","Brutal: When you roll the maximum value on a damage die, roll an additional damage die."
q128,weapon,Core,Револьвер на Черном Порохе,Black Powder Revolver,3,,,physical,Finesse,Far,d6+8 phy,One-Handed,,,,,https://artex-x.github.io/daggerheart-loot/i/q128.html,"Перезарядка: После того, как вы совершили атаку, бросьте d6. При результате в 1 вы должны отметить Стресс, чтобы перезарядить это оружие, прежде чем вы сможете выстрелить снова.","Reloading: After you make an attack, roll a d6. On a result of 1, you must mark a Stress to reload this weapon before you can fire it again."
q129,weapon,Core,Шипастый Лук,Spiked Bow,3,,,physical,Agility,Very Far,d6+7 phy,Two-Handed,,,,,https://artex-x.github.io/daggerheart-loot/i/q129.html,"Универсальное: Это оружие также можно использовать со следующими характеристиками: Проворность, Вплотную, d10+5.","Versatile: This weapon can also be used with these statistics—Agility, Melee, d10+5."
q130,weapon,Core,Продвинутые Магические Наручи,Advanced Arcane Gauntlets,3,,,magic,Strength,Melee,d10+9 mag,Two-Handed,,,,,https://artex-x.github.io/daggerheart-loot/i/q130.html,,
q131,weapon,Core,Продвинутый Священный Топор,Advanced Hallowed Axe,3,,,magic,Strength,Melee,d8+7 mag,One-Handed,,,,,https://artex-x.github.io/daggerheart-loot/i/q131.html,,
q132,weapon,Core,Продвинутые Сияющие Кольца,Advanced Glowing Rings,3,,,magic,Agility,Very Close,d10+8 mag,Two-Handed,,,,,https://artex-x.github.io/daggerheart-loot/i/q132.html,,
q133,weapon,Core,Продвинутые Наручные Руны,Advanced Hand Runes,3,,,magic,Instinct,Very Close,d10+6 mag,One-Handed,,,,,https://artex-x.github.io/daggerheart-loot/i/q133.html,,
q134,weapon,Core,Продвинутый Возвращающийся Клинок,Advanced Returning Blade,3,,,magic,Finesse,Close,d8+6 mag,One-Handed,,,,,https://artex-x.github.io/daggerheart-loot/i/q134.html,"Возвращающееся: Когда это оружие брошено в пределах дистанции, оно появляется в вашей руке сразу после атаки.","Returning: When this weapon is thrown within its range, it appears in your hand immediately after the attack."
q135,weapon,Core,Продвинутый Короткий Посох,Advanced Shortstaff,3,,,magic,Instinct,Close,d8+7 mag,One-Handed,,,,,https://artex-x.github.io/daggerheart-loot/i/q135.html,,
q136,weapon,Core,Продвинутый Двойной Посох,Advanced Dualstaff,3,,,magic,Instinct,Far,d6+9 mag,Two-Handed,,,,,https://artex-x.github.io/daggerheart-loot/i/q136.html,,
q137,weapon,Core,Продвинутый Скипетр,Advanced Scepter,3,,,magic,Presence,Far,d6+6 mag,Two-Handed,,,,,https://artex-x.github.io/daggerheart-loot/i/q137.html,"Универсальное: Это оружие также можно использовать со следующими характеристиками: Влияние, Вплотную, d8+4.","Versatile: This weapon can also be used with these statistics—Presence, Melee, d8+4."
q138,weapon,Core,Продвинутая Волшебная Палочка,Advanced Wand,3,,,magic,Knowledge,Far,d6+7 mag,One-Handed,,,,,https://artex-x.github.io/daggerheart-loot/i/q138.html,,
q139,weapon,Core,Продвинутый Двуручный Посох,Advanced Greatstaff,3,,,magic,Knowledge,Very Far,d6+6 mag,Two-Handed,,,,,https://artex-x.github.io/daggerheart-loot/i/q139.html,Мощное: При успешной атаке бросьте дополнительную кость урона и отбросьте результат с наименьшим значением.,"Powerful: On a successful attack, roll an additional damage die and discard the lowest result."
q140,weapon,Core,Секира Фортуниса,Axe of Fortunis,3,,,magic,Strength,Melee,d10+8 mag,Two-Handed,,,,,https://artex-x.github.io/daggerheart-loot/i/q140.html,"Счастливое: При неудачном броске атаки вы можете отметить Стресс, чтобы перебросить кости.","Lucky: On a failed attack, you can mark a Stress to reroll your attack."
q141,weapon,Core,Благословенный Клинок,Blessed Anlace,3,,,magic,Instinct,Melee,d10+6 mag,One-Handed,,,,,https://artex-x.github.io/daggerheart-loot/i/q141.html,Исцеляющее: Во время привала автоматически очищается одна Рана.,"Healing: During downtime, automatically clear a Hit Point."
q142,weapon,Core,Призрачный Клинок,Ghostblade,3,,,magic,Presence,Melee,d10+7 phy/mag,One-Handed,,,,,https://artex-x.github.io/daggerheart-loot/i/q142.html,"Потустороннее: При успешной атаке, нанесите физический или магический урон.","Otherworldly: On a successful attack, you can deal physical or magic damage."
q143,weapon,Core,Руны Погибели,Runes of Ruination,3,,,magic,Knowledge,Very Close,d20+4 mag,One-Handed,,,,,https://artex-x.github.io/daggerheart-loot/i/q143.html,"Болезненное: Каждый раз, когда вы совершаете успешную атаку, вы должны отметить Стресс.","Painful: Each time you make a successful attack, you must mark a Stress."
q144,weapon,Core,Кулон Видогаста,Widogast Pendant,3,,,magic,Knowledge,Close,d10+5 mag,One-Handed,,,,,https://artex-x.github.io/daggerheart-loot/i/q144.html,"Искривляющее Время: Вы выбираете цель своей атаки после того, как совершили бросок атаки.",Timebending: You choose the target of your attack after making your attack roll.
q145,weapon,Core,Позолоченный Лук,Gilded Bow,3,,,magic,Finesse,Far,d6+7 mag,Two-Handed,,,,,https://artex-x.github.io/daggerheart-loot/i/q145.html,"Самонаводящееся: Когда вы выбрасываете 1 на кости урона, он наносит 6 урона вместо этого.","Self-Correcting: When you roll a 1 on a damage die, it deals 6 damage instead."
q146,weapon,Core,Посох Огня,Firestaff,3,,,magic,Instinct,Far,d6+7 mag,Two-Handed,,,,,https://artex-x.github.io/daggerheart-loot/i/q146.html,"Горящее: Когда вы выбрасываете 6 на кости урона, цель должна отметить Стресс.","Burning: When you roll a 6 on a damage die, the target must mark a Stress."
q147,weapon,Core,Магическая Сфера,Mage Orb,3,,,magic,Knowledge,Far,d6+7 mag,One-Handed,,,,,https://artex-x.github.io/daggerheart-loot/i/q147.html,Мощное: При успешной атаке бросьте дополнительную кость урона и отбросьте результат с наименьшим значением.,"Powerful: On a successful attack, roll an additional damage die and discard the lowest result."
q148,weapon,Core,Винтовка Ильмари,Ilmari’s Rifle,3,,,magic,Finesse,Very Far,d6+6 mag,One-Handed,,,,,https://artex-x.github.io/daggerheart-loot/i/q148.html,"Перезарядка: После того, как вы совершили атаку, бросьте d6. При результате в 1 вы должны отметить Стресс, чтобы перезарядить это оружие, прежде чем вы сможете выстрелить снова.","Reloading: After you make an attack, roll a d6. On a result of 1, you must mark a Stress to reload this weapon before you can fire it again."
q149,weapon,Hope & Fear,Продвинутая Катана,Advanced Katana,3,,,physical,Agility,Melee,d10+9 phy,Two-Handed,,,,,https://artex-x.github.io/daggerheart-loot/i/q149.html,"Быстрое: Когда вы совершаете атаку, вы можете отметить Стресс, чтобы выбрать целью еще одно существо в пределах досягаемости.","Quick: When you make an attack, you can mark a Stress to target another creature within range."
q150,weapon,Hope & Fear,Продвинутый Кастет,Advanced Brass Knuckles,3,,,physical,Strength,Melee,d8+7 phy,One-Handed,,,,,https://artex-x.github.io/daggerheart-loot/i/q150.html,,
q151,weapon,Hope & Fear,Продвинутый Скимитар,Advanced Scimitar,3,,,physical,Presence,Melee,d8+7 phy,One-Handed,,,,,https://artex-x.github.io/daggerheart-loot/i/q151.html,,
q152,weapon,Hope & Fear,Продвинутый Волнистый Кинжал,Advanced Twisted Dagger,3,,,physical,Knowledge,Melee,d8+6 phy,One-Handed,,,,,https://artex-x.github.io/daggerheart-loot/i/q152.html,Пробивающее: Для урона этого оружия Порог Ощутимого урона цели считается со штрафом −2.,Piercing: Damage dealt with this weapon treats the target’s Major threshold as having a −2 penalty.
q153,weapon,Hope & Fear,Продвинутый Меч-Хлыст,Advanced Whipsword,3,,,physical,Finesse,Very Close,d8+6 phy,One-Handed,,,,,https://artex-x.github.io/daggerheart-loot/i/q153.html,"Универсальное: Это оружие также можно использовать со следующими характеристиками: Искусность, Вплотную, d10+6 физ.","Versatile: This weapon can also be used with these statistics—Finesse, Melee, d10+6."
q154,weapon,Hope & Fear,Продвинутый Кинжал на Веревке,Advanced Rope Dart,3,,,physical,Instinct,Close,d6+7 phy,Two-Handed,,,,,https://artex-x.github.io/daggerheart-loot/i/q154.html,,
q155,weapon,Hope & Fear,Молниеносный Молот,Blitz Hammer,3,,,physical,Strength,Melee,d10+7 phy,Two-Handed,,,,,https://artex-x.github.io/daggerheart-loot/i/q155.html,"Ускоритель: Один раз за сцену отметьте Стресс и передвиньтесь до Далекой дистанции, после чего совершите атаку с +1 к Мастерству.","Accelerator: Once per scene, mark a Stress to move to Far range then make an attack. Gain a +1 bonus to your Proficiency on this attack."
q156,weapon,Hope & Fear,Платиновый Эсток,Platinum Estoc,3,,,physical,Finesse,Melee,d8+7 phy,One-Handed,,,,,https://artex-x.github.io/daggerheart-loot/i/q156.html,Пробивающее: Для урона этого оружия Порог Ощутимого урона цели считается со штрафом −2.,Piercing: Damage dealt with this weapon treats the target’s Major threshold as having a −2 penalty.
q157,weapon,Hope & Fear,Солдатская Пика,Soldier’s Pike,3,,,physical,Agility,Very Close,d10+5 phy,Two-Handed,,,,,https://artex-x.github.io/daggerheart-loot/i/q157.html,"Подготовленное: Когда враг в досягаемости оружия наносит вам урон, вы можете отметить 2 Стресса и заставить его отметить Рану.","Braced: When an adversary within this weapon’s range deals damage to you, you can mark 2 Stress to force them to mark a Hit Point."
q158,weapon,Hope & Fear,Серпы на Цепи,Chained Scythe,3,,,physical,Instinct,Very Close,d10+5 phy,Two-Handed,,,,,https://artex-x.github.io/daggerheart-loot/i/q158.html,"Быстрое: Когда вы совершаете атаку, вы можете отметить Стресс, чтобы выбрать целью еще одно существо в пределах досягаемости.","Quick: When you make an attack, you can mark a Stress to target another creature within range."
q159,weapon,Hope & Fear,Поющий Меч,Singing Sword,3,,,physical,Presence,Very Close,d8+5 phy,One-Handed,,,,,https://artex-x.github.io/daggerheart-loot/i/q159.html,"Ведущее: Когда вы выбрасываете критический успех на атаку, все персонажи игроков в пределах Средней дистанции получают Надежду.","Bolstering: When you critically succeed on an attack, all PCs within Close range gain a Hope."
q160,weapon,Hope & Fear,Сюрикен,Bladed Star,3,,,physical,Knowledge,Close,d8+7 phy,One-Handed,,,,,https://artex-x.github.io/daggerheart-loot/i/q160.html,"Исправляющее: Когда вы метаете это оружие, оно возвращается вам в руку. При промахе вы можете перебросить атаку с помехой.","Rebounding: When you throw this weapon, it returns to your hand. On a failed attack, you can reroll your attack with disadvantage."
q161,weapon,Hope & Fear,Продвинутый Меч Света,Advanced Brightsword,3,,,magic,Strength,Melee,d10+9 mag,Two-Handed,,,,,https://artex-x.github.io/daggerheart-loot/i/q161.html,,
q162,weapon,Hope & Fear,Продвинутый Меч Тьмы,Advanced Shadowblade,3,,,magic,Presence,Melee,d8+6 phy/mag,One-Handed,,,,,https://artex-x.github.io/daggerheart-loot/i/q162.html,Потустороннее: При успешной атаке можно выбрать тип урона.,"Otherworldly: On a successful attack, you can deal physical or magic damage."
q163,weapon,Hope & Fear,Продвинутый Зачарованный Чакрам,Advanced Enchanted Chakram,3,,,magic,Finesse,Close,d6+7 mag,One-Handed,,,,,https://artex-x.github.io/daggerheart-loot/i/q163.html,"Рикошет: При метании, возвращается в руку. Можно отметить Стресс, чтобы атаковать еще одного противника в пределах Близкой дистанции от цели тем же броском атаки.","Ricochet: When you throw this weapon, it returns to your hand. When you make an attack, you can mark a Stress to target another creature within Very Close range of the first target with that attack."
q164,weapon,Hope & Fear,Продвинутый Колдующий Кинжал,Advanced Casting Dagger,3,,,magic,Instinct,Close,d6+6 mag,One-Handed,,,,,https://artex-x.github.io/daggerheart-loot/i/q164.html,"Универсальное: Это оружие также можно использовать со следующими характеристиками: Инстинкт, Вплотную, d8+6 маг.","Versatile: This weapon can also be used with these statistics—Instinct, Melee, d8+6."
q165,weapon,Hope & Fear,Продвинутый Рунный Пистолет,Advanced Runelock Pistol,3,,,magic,Knowledge,Far,d6+9 mag,One-Handed,,,,,https://artex-x.github.io/daggerheart-loot/i/q165.html,"Перезарядка: После атаки бросьте d6. Если выпадет 1, вы должны отметить Стресс для перезарядки, прежде чем сможете стрелять снова.","Reloading: After you make an attack, roll a d6. On a result of 1, you must mark a Stress to reload this weapon before you can fire it again."
q166,weapon,Hope & Fear,Продвинутая Магическая Винтовка,Advanced Arcane Rifle,3,,,magic,Agility,Very Far,d10+9 mag,Two-Handed,,,,,https://artex-x.github.io/daggerheart-loot/i/q166.html,"Прицельное: Вы получаете помеху на атаку, если цель находится в пределах Близкой дистанции от вас или Вплотную к вашему союзнику. Вы можете отметить Стресс, чтобы отменить эту помеху.",Aimed: Your attack has disadvantage if the target is within Very Close range of you or within Melee range of one of your allies. You can mark a Stress to ignore this penalty.
q167,weapon,Hope & Fear,Взрывной Молот,Rocket Maul,3,,,magic,Strength,Melee,d10+7 mag,Two-Handed,,,,,https://artex-x.github.io/daggerheart-loot/i/q167.html,"Сотрясающее: При успешной атаке вы можете потратить Надежду, чтобы отбросить цель на Далекую дистанцию.","Concussive: On a successful attack, you can spend a Hope to knock the target back to Far range."
q168,weapon,Hope & Fear,Кристальное Копье,Crystal Spear,3,,,magic,Finesse,Very Close,d10+6 mag,One-Handed,,,,,https://artex-x.github.io/daggerheart-loot/i/q168.html,Пробивающее: Для урона этого оружия Порог Ощутимого урона цели считается со штрафом −2.,Piercing: Damage dealt with this weapon treats the target’s Major threshold as having a −2 penalty.
q169,weapon,Hope & Fear,Волшебная Палочка Цепной Молнии,Arc Wand,3,,,magic,Presence,Close,d8+6 mag,One-Handed,,,,,https://artex-x.github.io/daggerheart-loot/i/q169.html,Отскакивающее: Отметьте любое количество Стресса и атакуйте такое же количество целей в досягаемости оружия.,Bouncing: Mark any number of Stress to target that many additional creatures in range of the attack.
q170,weapon,Hope & Fear,Скипетр Инея,Rime Scepter,3,,,magic,Knowledge,Close,d8+6 mag,One-Handed,,,,,https://artex-x.github.io/daggerheart-loot/i/q170.html,"Замораживающее: Если атака этого оружия отмечает противнику 2 или более Раны, он становится временно Обездвижен.","Freezing: When an attack from this weapon causes a target to mark 2 or more HP, they become temporarily Restrained."
q171,weapon,Hope & Fear,Ганблейд,Gunblade,3,,,magic,Agility,Far,d6+6 mag,One-Handed,,,,,https://artex-x.github.io/daggerheart-loot/i/q171.html,"Универсальное: Это оружие также можно использовать со следующими характеристиками: Проворность, Вплотную, d8+6 физ.","Versatile: This weapon can also be used with these statistics—Agility, Melee, d8+6 phy."
q172,weapon,Hope & Fear,Посох Аугмы,Staff of Augma,3,,,magic,Instinct,Far,d6+7 mag,One-Handed,,,,,https://artex-x.github.io/daggerheart-loot/i/q172.html,Катализирующее: При успешной атаке вы можете отметить Стресс и дать союзнику в пределах Средней дистанции +3 на следующий бросок атаки.,"Catalytic: On a successful attack, you can mark a Stress to give an ally within Close range a +3 bonus to their next attack roll."
q173,weapon,Core,Легендарный Палаш,Legendary Broadsword,4,,,physical,Agility,Melee,d8+9 phy,One-Handed,,,,,https://artex-x.github.io/daggerheart-loot/i/q173.html,Надёжное: +1 к броскам атаки,Reliable: +1 to attack rolls
q174,weapon,Core,Легендарный Длинный меч,Legendary Longsword,4,,,physical,Agility,Melee,d10+12 phy,Two-Handed,,,,,https://artex-x.github.io/daggerheart-loot/i/q174.html,,
q175,weapon,Core,Легендарная Секира,Legendary Battleaxe,4,,,physical,Strength,Melee,d10+12 phy,Two-Handed,,,,,https://artex-x.github.io/daggerheart-loot/i/q175.html,,
q176,weapon,Core,Легендарный Двуручный Меч,Legendary Greatsword,4,,,physical,Strength,Melee,d10+12 phy,Two-Handed,,,,,https://artex-x.github.io/daggerheart-loot/i/q176.html,Массивное: −1 к Уклонению; при успешной атаке бросьте дополнительную кость урона и отбросьте результат с наименьшим значением.,"Massive: −1 to Evasion; on a successful attack, roll an additional damage die and discard the lowest result."
q177,weapon,Core,Легендарная Булава,Legendary Mace,4,,,physical,Strength,Melee,d8+10 phy,One-Handed,,,,,https://artex-x.github.io/daggerheart-loot/i/q177.html,,
q178,weapon,Core,Легендарный Боевой Молот,Legendary Warhammer,4,,,physical,Strength,Melee,d12+12 phy,Two-Handed,,,,,https://artex-x.github.io/daggerheart-loot/i/q178.html,Тяжелое: −1 к Уклонению,Heavy: −1 to Evasion
q179,weapon,Core,Легендарный Кинжал,Legendary Dagger,4,,,physical,Finesse,Melee,d8+10 phy,One-Handed,,,,,https://artex-x.github.io/daggerheart-loot/i/q179.html,,
q180,weapon,Core,Легендарный Боевой Посох,Legendary Quarterstaff,4,,,physical,Instinct,Melee,d10+12 phy,Two-Handed,,,,,https://artex-x.github.io/daggerheart-loot/i/q180.html,,
q181,weapon,Core,Легендарная Сабля,Legendary Cutlass,4,,,physical,Presence,Melee,d8+10 phy,One-Handed,,,,,https://artex-x.github.io/daggerheart-loot/i/q181.html,,
q182,weapon,Core,Легендарная Рапира,Legendary Rapier,4,,,physical,Presence,Melee,d8+9 phy,One-Handed,,,,,https://artex-x.github.io/daggerheart-loot/i/q182.html,"Быстрое: Когда вы совершаете атаку, вы можете отметить Стресс, чтобы выбрать целью еще одно существо в пределах дальности.","Quick: When you make an attack, you can mark a Stress to target another creature within range."
q183,weapon,Core,Легендарная Алебарда,Legendary Halberd,4,,,physical,Strength,Very Close,d10+11 phy,Two-Handed,,,,,https://artex-x.github.io/daggerheart-loot/i/q183.html,Громоздкое: −1 к Искусности,Cumbersome: −1 to Finesse
q184,weapon,Core,Легендарное Копьё,Legendary Spear,4,,,physical,Finesse,Very Close,d8+12 phy,Two-Handed,,,,,https://artex-x.github.io/daggerheart-loot/i/q184.html,,
q185,weapon,Core,Легендарный Короткий Лук,Legendary Shortbow,4,,,physical,Agility,Far,d6+12 phy,Two-Handed,,,,,https://artex-x.github.io/daggerheart-loot/i/q185.html,,
q186,weapon,Core,Легендарный Арбалет,Legendary Crossbow,4,,,physical,Finesse,Far,d6+10 phy,One-Handed,,,,,https://artex-x.github.io/daggerheart-loot/i/q186.html,,
q187,weapon,Core,Легендарный Длинный Лук,Legendary Longbow,4,,,physical,Agility,Very Far,d8+12 phy,Two-Handed,,,,,https://artex-x.github.io/daggerheart-loot/i/q187.html,Громоздкое: −1 к Искусности,Cumbersome: −1 to Finesse
q188,weapon,Core,Обоюдоострый Меч,Dual-Ended Sword,4,,,physical,Agility,Melee,d10+9 phy,Two-Handed,,,,,https://artex-x.github.io/daggerheart-loot/i/q188.html,"Быстрое: Когда вы совершаете атаку, вы можете отметить Стресс, чтобы выбрать целью еще одно существо в пределах дальности.","Quick: When you make an attack, you can mark a Stress to target another creature within range."
q189,weapon,Core,Ударная Перчатка,Impact Gauntlet,4,,,physical,Strength,Melee,d10+11 phy,One-Handed,,,,,https://artex-x.github.io/daggerheart-loot/i/q189.html,"Сотрясающее: При успешной атаке вы можете потратить Надежду, чтобы отбросить цель на Далекую Дистанцию.","Concussive: On a successful attack, you can spend a Hope to knock the target back to Far range."
q190,weapon,Core,Разрушительный Колун,Sledge Axe,4,,,physical,Strength,Melee,d12+13 phy,Two-Handed,,,,,https://artex-x.github.io/daggerheart-loot/i/q190.html,Разрушительное: −1 к Проворности; при успешной атаке все противники в пределах Близкой дистанции должны отметить Стресс.,"Destructive: −1 to Agility; on a successful attack, all adversaries within Very Close range must mark a Stress."
q191,weapon,Core,Изогнутый Кинжал,Curved Dagger,4,,,physical,Finesse,Melee,d8+9 phy,One-Handed,,,,,https://artex-x.github.io/daggerheart-loot/i/q191.html,"Зубчатое: Когда вы выбрасываете 1 на кости урона, она наносит 8 урона вместо этого.","Serrated: When you roll a 1 on a damage die, it deals 8 damage instead."
q192,weapon,Core,Удлинённая Глефа,Extended Polearm,4,,,physical,Finesse,Very Close,d8+10 phy,Two-Handed,,,,,https://artex-x.github.io/daggerheart-loot/i/q192.html,Длинное: Это оружие атакует всех противников в линии в пределах дистанции.,Long: This weapon’s attack targets all adversaries in a line within range.
q193,weapon,Core,Шэнбяо,Swinging Ropeblade,4,,,physical,Presence,Close,d8+9 phy,Two-Handed,,,,,https://artex-x.github.io/daggerheart-loot/i/q193.html,"Хватающее: При успешной атаке вы можете потратить Надежду, чтобы Обездвижить цель или притянуть её Вплотную к себе.","Grappling: On a successful attack, you can spend a Hope to Restrain the target or pull them into Melee range with you."
q194,weapon,Core,Топоры Рикошета,Ricochet Axes,4,,,physical,Agility,Far,d6+11 phy,Two-Handed,,,,,https://artex-x.github.io/daggerheart-loot/i/q194.html,Отскакивающее: Отметьте 1 или более Стресса для нанесения урона стольким же целям в Дистанции атаки.,Bouncing: Mark 1 or more Stress to hit that many targets in range of the attack.
q195,weapon,Core,Лук Аантари,Aantari Bow,4,,,physical,Finesse,Far,d6+11 phy,Two-Handed,,,,,https://artex-x.github.io/daggerheart-loot/i/q195.html,Надёжное: +1 к броскам атаки,Reliable: +1 to attack rolls
q196,weapon,Core,Ручная Пушка,Hand Cannon,4,,,physical,Finesse,Very Far,d6+12 phy,One-Handed,,,,,https://artex-x.github.io/daggerheart-loot/i/q196.html,"Перезарядка: После того, как вы совершили атаку, бросьте d6. При результате в 1 вы должны отметить Стресс, чтобы перезарядить это оружие, прежде чем вы сможете выстрелить снова.","Reloading: After you make an attack, roll a d6. On a 1, you must mark a Stress to reload this weapon before you can fire it again."
q197,weapon,Core,Легендарные Магические Наручи,Legendary Arcane Gauntlets,4,,,magic,Strength,Melee,d10+12 mag,Two-Handed,,,,,https://artex-x.github.io/daggerheart-loot/i/q197.html,,
q198,weapon,Core,Легендарный Священный Топор,Legendary Hallowed Axe,4,,,magic,Strength,Melee,d8+10 mag,One-Handed,,,,,https://artex-x.github.io/daggerheart-loot/i/q198.html,,
q199,weapon,Core,Легендарные Сияющие Кольца,Legendary Glowing Rings,4,,,magic,Agility,Very Close,d10+11 mag,Two-Handed,,,,,https://artex-x.github.io/daggerheart-loot/i/q199.html,,
q200,weapon,Core,Легендарные Наручные Руны,Legendary Hand Runes,4,,,magic,Instinct,Very Close,d10+9 mag,One-Handed,,,,,https://artex-x.github.io/daggerheart-loot/i/q200.html,,
q201,weapon,Core,Легендарный Возвращающийся клинок,Legendary Returning Blade,4,,,magic,Finesse,Close,d8+9 mag,One-Handed,,,,,https://artex-x.github.io/daggerheart-loot/i/q201.html,"Возвращающееся: Когда это оружие брошено в пределах дистанции, оно появляется в вашей руке сразу после атаки.","Returning: When this weapon is thrown within its range, it appears in your hand immediately after the attack."
q202,weapon,Core,Легендарный Короткий Посох,Legendary Shortstaff,4,,,magic,Instinct,Close,d8+10 mag,One-Handed,,,,,https://artex-x.github.io/daggerheart-loot/i/q202.html,,
q203,weapon,Core,Легендарный Двойной Посох,Legendary Dualstaff,4,,,magic,Instinct,Far,d8+12 mag,Two-Handed,,,,,https://artex-x.github.io/daggerheart-loot/i/q203.html,,
q204,weapon,Core,Легендарный Скипетр,Legendary Scepter,4,,,magic,Presence,Far,d6+9 mag,Two-Handed,,,,,https://artex-x.github.io/daggerheart-loot/i/q204.html,"Универсальное: Это оружие также можно использовать со следующими характеристиками: Влияние, Вплотную, d8+6.","Versatile: This weapon can also be used with these statistics—Presence, Melee, d8+6."
q205,weapon,Core,Легендарная Волшебная палочка,Legendary Wand,4,,,magic,Knowledge,Far,d6+10 mag,One-Handed,,,,,https://artex-x.github.io/daggerheart-loot/i/q205.html,,
q206,weapon,Core,Легендарный Двуручный Посох,Legendary Greatstaff,4,,,magic,Knowledge,Very Far,d6+9 mag,Two-Handed,,,,,https://artex-x.github.io/daggerheart-loot/i/q206.html,Мощное: При успешной атаке бросьте дополнительную кость урона и отбросьте результат с наименьшим значением.,"Powerful: On a successful attack, roll an additional damage die and discard the lowest result."
q207,weapon,Core,Клинок Света и Пламени,Sword of Light & Flame,4,,,magic,Strength,Melee,d10+11 mag,Two-Handed,,,,,https://artex-x.github.io/daggerheart-loot/i/q207.html,Горячее: Это оружие прорезает твердый материал.,Hot: This weapon cuts through solid material.
q208,weapon,Core,Поглощающие Рукавицы,Siphoning Gauntlets,4,,,magic,Presence,Melee,d10+9 mag,Two-Handed,,,,,https://artex-x.github.io/daggerheart-loot/i/q208.html,Кража Жизни: При успешной атаке бросьте d6. При результате в 6 очистите Рану или Стресс.,"Lifestealing: On a successful attack, roll a d6. On a result of 6, clear a Hit Point or clear a Stress."
q209,weapon,Core,Коса Мидаса,Midas Scythe,4,,,magic,Knowledge,Melee,d10+9 mag,Two-Handed,,,,,https://artex-x.github.io/daggerheart-loot/i/q209.html,"Жадное: Потратьте горсть золота, чтобы получить +1 бонус к Мастерству при броске урона.",Greedy: Spend a handful of gold to gain a +1 bonus to your Proficiency on a damage roll.
q210,weapon,Core,Парящие Осколки Клинка,Floating Bladeshards,4,,,magic,Instinct,Close,d8+9 mag,One-Handed,,,,,https://artex-x.github.io/daggerheart-loot/i/q210.html,Мощное: При успешной атаке бросьте дополнительную кость урона и отбросьте результат с наименьшим значением.,"Powerful: On a successful attack, roll an additional damage die and discard the lowest result."
q211,weapon,Core,Посох Крови,Bloodstaff,4,,,magic,Instinct,Far,d20+7 mag,Two-Handed,,,,,https://artex-x.github.io/daggerheart-loot/i/q211.html,"Болезненное: Каждый раз, когда вы совершаете успешную атаку, вы должны отметить Стресс.","Painful: Each time you make a successful attack, you must mark a Stress."
q212,weapon,Core,Колючий Лук,Thistlebow,4,,,magic,Instinct,Far,d6+13 mag,Two-Handed,,,,,https://artex-x.github.io/daggerheart-loot/i/q212.html,Надёжное: +1 к броскам атаки,Reliable: +1 to attack rolls
q213,weapon,Core,Палочка Эссека,Wand of Essek,4,,,magic,Knowledge,Far,d8+13 mag,One-Handed,,,,,https://artex-x.github.io/daggerheart-loot/i/q213.html,"Искривляющее Время: Вы можете выбрать цель своей атаки после того, как совершите бросок атаки.",Timebending: You can choose the target of your attack after making your attack roll.
q214,weapon,Core,Револьвер Магуса,Magus Revolver,4,,,magic,Finesse,Very Far,d6+13 mag,One-Handed,,,,,https://artex-x.github.io/daggerheart-loot/i/q214.html,"Перезарядка: После того, как вы совершили атаку, бросьте d6. При результате в 1 вы должны отметить Стресс, чтобы перезарядить это оружие, прежде чем вы сможете выстрелить снова.","Reloading: After you make an attack, roll a d6. On a result of 1, you must mark a Stress to reload this weapon before you can fire it again."
q215,weapon,Core,Перчатки Слияния,Fusion Gloves,4,,,magic,Knowledge,Very Far,d6+9 mag,Two-Handed,,,,,https://artex-x.github.io/daggerheart-loot/i/q215.html,"Связанное: Получите бонус к броскам урона, равный вашему уровню.",Bonded: Gain a bonus to your damage rolls equal to your level.
q216,weapon,Hope & Fear,Легендарная Катана,Legendary Katana,4,,,physical,Agility,Melee,d10+12 phy,Two-Handed,,,,,https://artex-x.github.io/daggerheart-loot/i/q216.html,"Быстрое: Когда вы совершаете атаку, вы можете отметить Стресс, чтобы выбрать целью еще одно существо в пределах досягаемости.","Quick: When you make an attack, you can mark a Stress to target another creature within range."
q217,weapon,Hope & Fear,Легендарный Кастет,Legendary Brass Knuckles,4,,,physical,Strength,Melee,d8+10 phy,One-Handed,,,,,https://artex-x.github.io/daggerheart-loot/i/q217.html,,
q218,weapon,Hope & Fear,Легендарный Скимитар,Legendary Scimitar,4,,,physical,Presence,Melee,d8+10 phy,One-Handed,,,,,https://artex-x.github.io/daggerheart-loot/i/q218.html,,
q219,weapon,Hope & Fear,Легендарный Волнистый Кинжал,Legendary Twisted Dagger,4,,,physical,Knowledge,Melee,d8+9 phy,One-Handed,,,,,https://artex-x.github.io/daggerheart-loot/i/q219.html,Пробивающее: Для урона этого оружия Порог Ощутимого урона цели считается со штрафом −2.,Piercing: Damage dealt with this weapon treats the target’s Major threshold as having a −2 penalty.
q220,weapon,Hope & Fear,Легендарный Меч-Хлыст,Legendary Whipsword,4,,,physical,Finesse,Very Close,d8+9 phy,One-Handed,,,,,https://artex-x.github.io/daggerheart-loot/i/q220.html,"Универсальное: Это оружие также можно использовать со следующими характеристиками: Искусность, Вплотную, d10+9 физ.","Versatile: This weapon can also be used with these statistics—Finesse, Melee, d10+9."
q221,weapon,Hope & Fear,Легендарный Кинжал на Веревке,Legendary Rope Dart,4,,,physical,Instinct,Close,d6+10 phy,Two-Handed,,,,,https://artex-x.github.io/daggerheart-loot/i/q221.html,,
q222,weapon,Hope & Fear,Вырванный Коготь Дракона,Severed Dragon Claw,4,,,physical,Instinct,Melee,d10+11 phy,One-Handed,,,,,https://artex-x.github.io/daggerheart-loot/i/q222.html,Разрушительное: −1 к Проворности; при успешной атаке все противники в пределах Близкой дистанции должны отметить Стресс.,"Destructive: −1 to Agility; on a successful attack, all adversaries within Very Close range must mark a Stress."
q223,weapon,Hope & Fear,Посох Бесконечности,Infinite Staff,4,,,physical,Presence,Melee,d10+9 phy,Two-Handed,,,,,https://artex-x.github.io/daggerheart-loot/i/q223.html,Продленное: Вы можете увеличить досягаемость этого оружия вплоть до Очень Далекой. Вы получаете штраф −1 на бросок атаки за каждый шаг увеличения досягаемости.,"Extending: You can increase the range of this weapon up to Very Far. You gain a −1 penalty to attack rolls for each step you increase the range by (such as Melee to Very Close, Very Close to Close, or Close to Far)."
q224,weapon,Hope & Fear,Клевец,Bec de Corbin,4,,,physical,Agility,Very Close,d10+9 phy,Two-Handed,,,,,https://artex-x.github.io/daggerheart-loot/i/q224.html,"Опустошающее: Перед тем, как совершить бросок атаки, вы можете отметить Стресс, чтобы использовать d20 в качестве кости урона.","Devastating: Before you make an attack roll, you can mark a Stress to use a d20 as your damage die."
q225,weapon,Hope & Fear,Пороховая Серпантина,Black Powder Serpentine,4,,,physical,Strength,Far,d8+12 phy,Two-Handed,,,,,https://artex-x.github.io/daggerheart-loot/i/q225.html,Зажигательное: −1 к Проворности; при успешной атаке все существа в пределах Близкой дистанции от цели должны отметить Рану.,"Incendiary: −1 to Agility; on a successful attack, all creatures within Very Close range of the target must mark a Hit Point."
q226,weapon,Hope & Fear,Часовой Арбалет,Clockwork Crossbow,4,,,physical,Finesse,Far,d6+11 phy,One-Handed,,,,,https://artex-x.github.io/daggerheart-loot/i/q226.html,"Быстрое: Когда вы совершаете атаку, вы можете отметить Стресс, чтобы выбрать целью еще одно существо в пределах досягаемости.","Quick: When you make an attack, you can mark a Stress to target another creature within range."
q227,weapon,Hope & Fear,Аркебуза,Arquebus,4,,,physical,Knowledge,Far,d8+10 phy,Two-Handed,,,,,https://artex-x.github.io/daggerheart-loot/i/q227.html,"Перезарядка: После атаки бросьте d6. Если выпадет 1, вы должны отметить Стресс для перезарядки, прежде чем сможете стрелять снова.","Reloading: After you make an attack, roll a d6. On a result of 1, you must mark a Stress to reload this weapon before you can fire it again."
q228,weapon,Hope & Fear,Легендарный Меч Света,Legendary Brightsword,4,,,magic,Strength,Melee,d10+12 mag,Two-Handed,,,,,https://artex-x.github.io/daggerheart-loot/i/q228.html,,
q229,weapon,Hope & Fear,Легендарный Меч Тьмы,Legendary Shadowblade,4,,,magic,Presence,Melee,d8+9 phy/mag,One-Handed,,,,,https://artex-x.github.io/daggerheart-loot/i/q229.html,Потустороннее: При успешной атаке можно выбрать тип урона.,"Otherworldly: On a successful attack, you can deal physical or magic damage."
q230,weapon,Hope & Fear,Легендарный Зачарованный Чакрам,Legendary Enchanted Chakram,4,,,magic,Finesse,Close,d6+10 mag,One-Handed,,,,,https://artex-x.github.io/daggerheart-loot/i/q230.html,"Рикошет: При метании, возвращается в руку. Можно отметить Стресс, чтобы атаковать еще одного противника в пределах Близкой дистанции от цели тем же броском атаки.","Ricochet: When you throw this weapon, it returns to your hand. When you make an attack, you can mark a Stress to target another creature within Very Close range of the first target with that attack."
q231,weapon,Hope & Fear,Легендарный Колдующий Кинжал,Legendary Casting Dagger,4,,,magic,Instinct,Close,d6+9 mag,One-Handed,,,,,https://artex-x.github.io/daggerheart-loot/i/q231.html,"Универсальное: Это оружие также можно использовать со следующими характеристиками: Инстинкт, Вплотную, d8+9 маг.","Versatile: This weapon can also be used with these statistics—Instinct, Melee, d8+9."
q232,weapon,Hope & Fear,Легендарный Рунный Пистолет,Legendary Runelock Pistol,4,,,magic,Knowledge,Far,d6+12 mag,One-Handed,,,,,https://artex-x.github.io/daggerheart-loot/i/q232.html,"Перезарядка: После атаки бросьте d6. Если выпадет 1, вы должны отметить Стресс для перезарядки, прежде чем сможете стрелять снова.","Reloading: After you make an attack, roll a d6. On a result of 1, you must mark a Stress to reload this weapon before you can fire it again."
q233,weapon,Hope & Fear,Легендарная Магическая Винтовка,Legendary Arcane Rifle,4,,,magic,Agility,Very Far,d10+12 mag,Two-Handed,,,,,https://artex-x.github.io/daggerheart-loot/i/q233.html,"Прицельное: Вы получаете помеху на атаку, если цель находится в пределах Близкой дистанции от вас или Вплотную к вашему союзнику. Вы можете отметить Стресс, чтобы отменить эту помеху.",Aimed: Your attack has disadvantage if the target is within Very Close range of you or within Melee range of one of your allies. You can mark a Stress to ignore this penalty.
q234,weapon,Hope & Fear,Клинок из Звездного Металла,Starmetal Blade,4,,,magic,Agility,Melee,d8+10 mag,One-Handed,,,,,https://artex-x.github.io/daggerheart-loot/i/q234.html,"Зубчатое: Когда вы выбрасываете 1 на кости урона, она наносит 8 урона вместо этого.","Serrated: When you roll a 1 on a damage die, it deals 8 damage instead."
q235,weapon,Hope & Fear,Клык Гадюки,Adder’s Fang,4,,,magic,Finesse,Melee,d8+9 mag,One-Handed,,,,,https://artex-x.github.io/daggerheart-loot/i/q235.html,"Отравленное: Когда вы наносите Ощутимый или Тяжелый урон этим оружием, цель становится временно Уязвимой.","Venomous: When you deal Major or greater damage with this weapon, the target becomes temporarily Vulnerable."
q236,weapon,Hope & Fear,Клинок Демона,Demon’s Edge,4,,,magic,Presence,Melee,d8+10 mag,One-Handed,,,,,https://artex-x.github.io/daggerheart-loot/i/q236.html,"Тревожное: Когда вы побеждаете существо этим оружием, все противники в пределах Средней дистанции должны отметить Стресс.","Disturbing: When you defeat a creature with this weapon, all adversaries within Close range must mark a Stress."
q237,weapon,Hope & Fear,Секира Громовержца,Storm God’s Greataxe,4,,,magic,Strength,Very Close,d10+9 mag,Two-Handed,,,,,https://artex-x.github.io/daggerheart-loot/i/q237.html,Отскакивающее: Отметьте любое количество Стресса и атакуйте такое же количество целей в досягаемости оружия.,Bouncing: Mark any number of Stress to target that many additional creatures in range of the attack.
q238,weapon,Hope & Fear,Эфирный Двуручный Меч,Ethereal Zweihänder,4,,,magic,Instinct,Very Close,d10+9 mag,Two-Handed,,,,,https://artex-x.github.io/daggerheart-loot/i/q238.html,"Эфирное: Вы должны отметить Стресс, чтобы призвать это оружие. Оно существует до конца сцены.",Ethereal: You must mark a Stress to conjure this weapon. It lasts until the end of the scene.
q239,weapon,Hope & Fear,Арбалет Гравитации,Gravity Arbalest,4,,,magic,Knowledge,Far,d8+6 mag,Two-Handed,,,,,https://artex-x.github.io/daggerheart-loot/i/q239.html,"Притягивающее: Когда вы атакуете этим оружием, вы можете потратить Надежду, чтобы заставить всех противников в пределах Близкой дистанции от цели сделать бросок реакции (16). Те, кто провалил, должны отметить Стресс и притягиваются Вплотную к цели.","Magnetic: When you make an attack with this weapon, you can spend a Hope to force all adversaries within Very Close range of the target to make a Reaction Roll (16). Creatures who fail must mark a Stress and are pulled into Melee range of the target."
q240,secondary,Core,Короткий Меч,Shortsword,1,,,physical,Agility,Melee,d8 phy,One-Handed,,,,,https://artex-x.github.io/daggerheart-loot/i/q240.html,"Парное: +2 к урону основного оружия по целям, Вплотную к вам",Paired: +2 to primary weapon damage to targets within Melee range
q241,secondary,Core,Круглый Щит,Round Shield,1,,,physical,Strength,Melee,d4 phy,One-Handed,,,,,https://artex-x.github.io/daggerheart-loot/i/q241.html,Защитное: +1 к Показателю Брони,Protective: +1 to Armor Score
q242,secondary,Core,Башенный Щит,Tower Shield,1,,,physical,Strength,Melee,d6 phy,One-Handed,,,,,https://artex-x.github.io/daggerheart-loot/i/q242.html,Барьер: +2 к Показателю Брони; −1 к Уклонению,Barrier: +2 to Armor Score; −1 to Evasion
q243,secondary,Core,Малый Кинжал,Small Dagger,1,,,physical,Finesse,Melee,d8 phy,One-Handed,,,,,https://artex-x.github.io/daggerheart-loot/i/q243.html,"Парное: +2 к урону основного оружия по целям, Вплотную к вам",Paired: +2 to primary weapon damage to targets within Melee range
q244,secondary,Core,Хлыст,Whip,1,,,physical,Presence,Very Close,d6 phy,One-Handed,,,,,https://artex-x.github.io/daggerheart-loot/i/q244.html,"Ошеломляющее: Отметьте Стресс, чтобы хлестнуть кнутом и заставить всех противников, находящихся Вплотную к вам, отойти на Среднюю дистанцию.",Startling: Mark a Stress to crack the whip and force all adversaries within Melee range back to Close range.
q245,secondary,Core,Крюк,Grappler,1,,,physical,Finesse,Close,d6 phy,One-Handed,,,,,https://artex-x.github.io/daggerheart-loot/i/q245.html,Цепляющее: При успешной атаке вы можете притянуть цель Вплотную к вам.,"Hooked: On a successful attack, you can pull the target into Melee range."
q246,secondary,Core,Ручной Арбалет,Hand Crossbow,1,,,physical,Finesse,Far,d6+1 phy,One-Handed,,,,,https://artex-x.github.io/daggerheart-loot/i/q246.html,,
q247,secondary,Hope & Fear,Томагавк,Hatchet,1,,,physical,Agility,Melee,d8 phy,One-Handed,,,,,https://artex-x.github.io/daggerheart-loot/i/q247.html,Последовательное: При успешной атаке основным оружием Вплотную вы можете отметить Стресс и получить +1 к Мастерству для этой атаки.,"Follow-Up: On a successful attack with your primary weapon within Melee range, you can mark a Stress to gain a +1 bonus to your Proficiency for this attack."
q248,secondary,Hope & Fear,Вторичный Кастет,Offhand Brass Knuckles,1,,,physical,Strength,Melee,d8 phy,One-Handed,,,,,https://artex-x.github.io/daggerheart-loot/i/q248.html,Парное: +2 к урону основного оружия по целям Вплотную к вам,Paired: +2 to primary weapon damage to targets within Melee range
q249,secondary,Hope & Fear,Метательные Ножи,Throwing Knives,1,,,physical,Finesse,Melee,d8 phy,One-Handed,,,,,https://artex-x.github.io/daggerheart-loot/i/q249.html,"Резерв: Вы можете метать это оружие в цели в пределах Средней дистанции, делая бросок Искусности, и вам не нужно подбирать его, так как у вас под рукой всегда есть еще одно.","Stockpiled: You can throw this weapon within Close range by making an attack roll using Finesse. You don’t have to retrieve it, as you always have another on hand."
q250,secondary,Hope & Fear,Боевой Плащ,Fighting Cloak,1,,,physical,Presence,Melee,d4 phy,One-Handed,,,,,https://artex-x.github.io/daggerheart-loot/i/q250.html,Обитое: +2 к порогам урона,Padded: +2 to damage thresholds
q251,secondary,Hope & Fear,Рунный Щит,Rune Shield,1,,,magic,Knowledge,Melee,d4 mag,One-Handed,,,,,https://artex-x.github.io/daggerheart-loot/i/q251.html,Защитное: +1 к Показателю Брони,Protective: +1 to Armor Score
q252,secondary,Hope & Fear,Руны Концентрации,Focus Runes,1,,,magic,Instinct,Very Close,d6 mag,One-Handed,,,,,https://artex-x.github.io/daggerheart-loot/i/q252.html,Сфокусированное: +1 к урону основного оружия по целям в пределах Близкой дистанции,Focused: +1 to primary weapon damage to targets within Very Close range
q253,secondary,Core,Улучшенный Короткий Меч,Improved Shortsword,2,,,physical,Agility,Melee,d8+2 phy,One-Handed,,,,,https://artex-x.github.io/daggerheart-loot/i/q253.html,Парное: +3 к урону основного оружия по целям Вплотную к вам,Paired: +3 to primary weapon damage to targets within Melee range
q254,secondary,Core,Улучшенный Круглый Щит,Improved Round Shield,2,,,physical,Strength,Melee,d4+2 phy,One-Handed,,,,,https://artex-x.github.io/daggerheart-loot/i/q254.html,Защитное: +2 к Показателю Брони,Protective: +2 to Armor Score
q255,secondary,Core,Улучшенный Башенный Щит,Improved Tower Shield,2,,,physical,Strength,Melee,d6+2 phy,One-Handed,,,,,https://artex-x.github.io/daggerheart-loot/i/q255.html,Барьер: +3 к Показателю Брони; −1 к Уклонению,Barrier: +3 to Armor Score; −1 to Evasion
q256,secondary,Core,Улучшенный Малый Кинжал,Improved Small Dagger,2,,,physical,Finesse,Melee,d8+2 phy,One-Handed,,,,,https://artex-x.github.io/daggerheart-loot/i/q256.html,Парное: +3 к урону основного оружия по целям Вплотную к вам,Paired: +3 to primary weapon damage to targets within Melee range
q257,secondary,Core,Улучшенный Хлыст,Improved Whip,2,,,physical,Presence,Very Close,d6+2 phy,One-Handed,,,,,https://artex-x.github.io/daggerheart-loot/i/q257.html,"Ошеломляющее: Отметьте Стресс, чтобы хлестнуть кнутом и заставить всех противников, находящихся Вплотную к вам, отойти на Среднюю дистанцию.",Startling: Mark a Stress to crack the whip and force all adversaries within Melee range back to Close range.
q258,secondary,Core,Улучшенный Крюк,Improved Grappler,2,,,physical,Finesse,Close,d6+2 phy,One-Handed,,,,,https://artex-x.github.io/daggerheart-loot/i/q258.html,Цепляющее: При успешной атаке вы можете притянуть цель Вплотную к вам.,"Hooked: On a successful attack, you can pull the target into Melee range."
q259,secondary,Core,Улучшенный Ручной Арбалет,Improved Hand Crossbow,2,,,physical,Finesse,Far,d6+3 phy,One-Handed,,,,,https://artex-x.github.io/daggerheart-loot/i/q259.html,,
q260,secondary,Core,Шипастый Щит,Spiked Shield,2,,,physical,Strength,Melee,d6+2 phy,One-Handed,,,,,https://artex-x.github.io/daggerheart-loot/i/q260.html,Двойная Служба: +1 к Показателю Брони; +1 к урону основного оружия по целям Вплотную к вам,Double Duty: +1 to Armor Score; +1 to primary weapon damage within Melee range
q261,secondary,Core,Парирующий Кинжал,Parrying Dagger,2,,,physical,Finesse,Melee,d6+2 phy,One-Handed,,,,,https://artex-x.github.io/daggerheart-loot/i/q261.html,"Парирование: Когда вас атакуют, совершите бросок урона. Если значение на любой кости урона атакующего совпадает с вашими значениями костей, совпадающие результаты отбрасываются из костей урона атакующего прежде, чем будет подсчитан полученный вами урон.","Parry: When you are attacked, roll this weapon’s damage dice. If any of the attacker’s damage dice rolled the same value as your dice, the matching results are discarded from the attacker’s damage dice before the damage you take is totaled."
q262,secondary,Core,Возвращающийся Топор,Returning Axe,2,,,physical,Agility,Close,d6+4 phy,One-Handed,,,,,https://artex-x.github.io/daggerheart-loot/i/q262.html,"Возвращающееся: Когда это оружие брошено в пределах дистанции, оно появляется в вашей руке сразу после атаки.","Returning: When this weapon is thrown within its range, it appears in your hand immediately after the attack."
q263,secondary,Hope & Fear,Улучшенный Томагавк,Improved Hatchet,2,,,physical,Agility,Melee,d8+2 phy,One-Handed,,,,,https://artex-x.github.io/daggerheart-loot/i/q263.html,Последовательное: При успешной атаке основным оружием Вплотную вы можете отметить Стресс и получить +1 к Мастерству для этой атаки.,"Follow-Up: On a successful attack with your primary weapon within Melee range, you can mark a Stress to gain a +1 bonus to your Proficiency for this attack."
q264,secondary,Hope & Fear,Улучшенный Вторичный Кастет,Improved Offhand Brass Knuckles,2,,,physical,Strength,Melee,d8+2 phy,One-Handed,,,,,https://artex-x.github.io/daggerheart-loot/i/q264.html,Парное: +3 к урону основного оружия по целям Вплотную к вам,Paired: +3 to primary weapon damage to targets within Melee range
q265,secondary,Hope & Fear,Улучшенные Метательные Ножи,Improved Throwing Knives,2,,,physical,Finesse,Melee,d8+2 phy,One-Handed,,,,,https://artex-x.github.io/daggerheart-loot/i/q265.html,"Резерв: Вы можете метать это оружие в цели в пределах Средней дистанции, делая бросок Искусности, и вам не нужно подбирать его, так как у вас под рукой всегда есть еще одно.","Stockpiled: You can throw this weapon within Close range by making an attack roll using Finesse. You don’t have to retrieve it, as you always have another on hand."
q266,secondary,Hope & Fear,Улучшенный Боевой Плащ,Improved Fighting Cloak,2,,,physical,Presence,Melee,d4+2 phy,One-Handed,,,,,https://artex-x.github.io/daggerheart-loot/i/q266.html,Обитое: +3 к порогам урона,Padded: +3 to damage thresholds
q267,secondary,Hope & Fear,Улучшенный Рунный Щит,Improved Rune Shield,2,,,magic,Knowledge,Melee,d4+2 mag,One-Handed,,,,,https://artex-x.github.io/daggerheart-loot/i/q267.html,Защитное: +2 к Показателю Брони,Protective: +2 to Armor Score
q268,secondary,Hope & Fear,Улучшенные Руны Концентрации,Improved Focus Runes,2,,,magic,Instinct,Very Close,d6+2 mag,One-Handed,,,,,https://artex-x.github.io/daggerheart-loot/i/q268.html,Сфокусированное: +1 к урону основного оружия по целям в пределах Близкой дистанции,Focused: +1 to primary weapon damage to targets within Very Close range
q269,secondary,Hope & Fear,Складная Дубинка,Collapsible Baton,2,,,physical,Strength,Melee,d8 phy,One-Handed,,,,,https://artex-x.github.io/daggerheart-loot/i/q269.html,"Нелетальное: Когда цель должна отметить любое количество Ран от атаки этим оружием, она вместо этого отмечает такое же количество Стресса.","Nonlethal: When a target would mark any number of Hit Points from an attack with this weapon, they mark an equal number of Stress instead."
q270,secondary,Hope & Fear,Жуткий Наруч,Eldritch Vambrace,2,,,magic,Instinct,Melee,d8 mag,One-Handed,,,,,https://artex-x.github.io/daggerheart-loot/i/q270.html,"Отклоняющее: Когда вас атакуют, вы можете отметить Ячейку Брони, чтобы получить бонус к Уклонению, равный Показателю Брони против этой атаки.","Deflecting: When you are attacked, you can mark an Armor Slot to gain a bonus to your Evasion equal to your Armor Score against the attack."
q271,secondary,Hope & Fear,Тройной Цепной Посох,Segmented Staff,2,,,physical,Agility,Very Close,d6+4 phy,One-Handed,,,,,https://artex-x.github.io/daggerheart-loot/i/q271.html,Двуцелевое: +1 к Показателю Брони; +1 к урону основного оружия по целям Вплотную к вам,Double Duty: +1 to Armor Score; +1 to primary weapon damage within Melee range
q272,secondary,Hope & Fear,Колючая Проволока,Razor Wire,2,,,physical,Finesse,Very Close,d6+3 phy,One-Handed,,,,,https://artex-x.github.io/daggerheart-loot/i/q272.html,Опутывающее: При успешной атаке основным оружием по цели в пределах Близкой дистанции вы можете потратить Надежду и сделать цель временно Уязвимой.,"Entangling: On a successful attack with your primary weapon against a target within Very Close range, you can spend a Hope to make the target temporarily Vulnerable."
q273,secondary,Core,Продвинутый Короткий Меч,Advanced Shortsword,3,,,physical,Agility,Melee,d8+4 phy,One-Handed,,,,,https://artex-x.github.io/daggerheart-loot/i/q273.html,Парное: +4 к урону основного оружия по целям Вплотную к вам,Paired: +4 to primary weapon damage to targets within Melee range
q274,secondary,Core,Продвинутый Круглый Щит,Advanced Round Shield,3,,,physical,Strength,Melee,d4+4 phy,One-Handed,,,,,https://artex-x.github.io/daggerheart-loot/i/q274.html,Защитное: +3 к Показателю Брони,Protective: +3 to Armor Score
q275,secondary,Core,Продвинутый Башенный Щит,Advanced Tower Shield,3,,,physical,Strength,Melee,d6+4 phy,One-Handed,,,,,https://artex-x.github.io/daggerheart-loot/i/q275.html,Барьер: +4 к Показателю Брони; −1 к Уклонению,Barrier: +4 to Armor Score; −1 to Evasion
q276,secondary,Core,Продвинутый Малый Кинжал,Advanced Small Dagger,3,,,physical,Finesse,Melee,d8+4 phy,One-Handed,,,,,https://artex-x.github.io/daggerheart-loot/i/q276.html,Парное: +4 к урону основного оружия по целям Вплотную к вам,Paired: +4 to primary weapon damage to targets within Melee range
q277,secondary,Core,Продвинутый Хлыст,Advanced Whip,3,,,physical,Presence,Very Close,d6+4 phy,One-Handed,,,,,https://artex-x.github.io/daggerheart-loot/i/q277.html,"Ошеломляющее: Отметьте Стресс, чтобы хлестнуть кнутом и заставить всех противников, находящихся Вплотную к вам, отойти на Среднюю дистанцию.",Startling: Mark a Stress to crack the whip and force all adversaries within Melee range back to Close range.
q278,secondary,Core,Продвинутый Крюк,Advanced Grappler,3,,,physical,Finesse,Close,d6+4 phy,One-Handed,,,,,https://artex-x.github.io/daggerheart-loot/i/q278.html,Цепляющее: При успешной атаке вы можете притянуть цель Вплотную к вам.,"Hooked: On a successful attack, you can pull the target into Melee range."
q279,secondary,Core,Продвинутый Ручной Арбалет,Advanced Hand Crossbow,3,,,physical,Finesse,Far,d6+5 phy,One-Handed,,,,,https://artex-x.github.io/daggerheart-loot/i/q279.html,,
q280,secondary,Core,Баклер,Buckler,3,,,physical,Agility,Melee,d4+4 phy,One-Handed,,,,,https://artex-x.github.io/daggerheart-loot/i/q280.html,"Отклоняющее: Когда вас атакуют, вы можете отметить Ячейку Брони, чтобы получить бонус к Уклонению, равный числу доступных Ячеек Брони против этой атаки.","Deflecting: When you are attacked, you can mark an Armor Slot to gain a bonus to your Evasion equal to your available Armor Slots against the attack."
q281,secondary,Core,Усиленная Рукавица,Powered Gauntlet,3,,,physical,Knowledge,Close,d6+4 phy,One-Handed,,,,,https://artex-x.github.io/daggerheart-loot/i/q281.html,"Заряженное: Отметьте Стресс, чтобы получить +1 бонус к Мастерству при атаке основным оружием.",Charged: Mark a Stress to gain a +1 bonus to your Proficiency on a primary weapon attack.
q282,secondary,Core,Ручная Праща,Hand Sling,3,,,physical,Finesse,Very Far,d6+4 phy,One-Handed,,,,,https://artex-x.github.io/daggerheart-loot/i/q282.html,"Универсальное: Это оружие также можно использовать со следующими характеристиками: Искусность, Средне, d8+4.","Versatile: This weapon can also be used with these statistics—Finesse, Close, d8+4."
q283,secondary,Hope & Fear,Продвинутый Томагавк,Advanced Hatchet,3,,,physical,Agility,Melee,d8+4 phy,One-Handed,,,,,https://artex-x.github.io/daggerheart-loot/i/q283.html,Последовательное: При успешной атаке основным оружием Вплотную вы можете отметить Стресс и получить +1 к Мастерству для этой атаки.,"Follow-Up: On a successful attack with your primary weapon within Melee range, you can mark a Stress to gain a +1 bonus to your Proficiency for this attack."
q284,secondary,Hope & Fear,Продвинутый Вторичный Кастет,Advanced Offhand Brass Knuckles,3,,,physical,Strength,Melee,d8+4 phy,One-Handed,,,,,https://artex-x.github.io/daggerheart-loot/i/q284.html,Парное: +4 к урону основного оружия по целям Вплотную к вам,Paired: +4 to primary weapon damage to targets within Melee range
q285,secondary,Hope & Fear,Продвинутые Метательные Ножи,Advanced Throwing Knives,3,,,physical,Finesse,Melee,d8+4 phy,One-Handed,,,,,https://artex-x.github.io/daggerheart-loot/i/q285.html,"Резерв: Вы можете метать это оружие в цели в пределах Средней дистанции, делая бросок Искусности, и вам не нужно подбирать его, так как у вас под рукой всегда есть еще одно.","Stockpiled: You can throw this weapon within Close range by making an attack roll using Finesse. You don’t have to retrieve it, as you always have another on hand."
q286,secondary,Hope & Fear,Продвинутый Боевой Плащ,Advanced Fighting Cloak,3,,,physical,Presence,Melee,d4+4 phy,One-Handed,,,,,https://artex-x.github.io/daggerheart-loot/i/q286.html,Обитое: +4 к порогам урона,Padded: +4 to damage thresholds
q287,secondary,Hope & Fear,Продвинутый Рунный Щит,Advanced Rune Shield,3,,,magic,Knowledge,Melee,d4+4 mag,One-Handed,,,,,https://artex-x.github.io/daggerheart-loot/i/q287.html,Защитное: +3 к Показателю Брони,Protective: +3 to Armor Score
q288,secondary,Hope & Fear,Продвинутые Руны Концентрации,Advanced Focus Runes,3,,,magic,Instinct,Very Close,d6+4 mag,One-Handed,,,,,https://artex-x.github.io/daggerheart-loot/i/q288.html,Сфокусированное: +1 к урону основного оружия по целям в пределах Близкой дистанции,Focused: +1 to primary weapon damage to targets within Very Close range
q289,secondary,Hope & Fear,Молоток Мастера,Tinker’s Hammer,3,,,physical,Strength,Melee,d8+4 phy,One-Handed,,,,,https://artex-x.github.io/daggerheart-loot/i/q289.html,Старое доброе: +1 к броскам атаки основного оружия,Trusty: +1 to attack rolls made with your primary weapon
q290,secondary,Hope & Fear,Осколок Ворпала,Vorpal Shard,3,,,magic,Knowledge,Melee,d4 mag,One-Handed,,,,,https://artex-x.github.io/daggerheart-loot/i/q290.html,"Нацеленное: Если вы промахнулись атакой, вы можете потратить Надежду, чтобы попасть вашей следующей атакой.","Targeted: When you fail a weapon attack, you can spend a Hope to succeed on your next weapon attack."
q291,secondary,Hope & Fear,Плеть Душ,Soul Chain,3,,,magic,Presence,Very Close,d6+5 mag,One-Handed,,,,,https://artex-x.github.io/daggerheart-loot/i/q291.html,"Вытягивающее: При успешной атаке можно потратить Надежду и заставить цель отметить Стресс. Если она это делает, вы очищаете Стресс.","Draining: On a successful attack, you can spend a Hope to force the target to mark a Stress. If they do, you clear a Stress."
q292,secondary,Hope & Fear,Боевой Дротик,War Dart,3,,,physical,Agility,Far,d6+5 phy,One-Handed,,,,,https://artex-x.github.io/daggerheart-loot/i/q292.html,"Универсальное: Это оружие также можно использовать со следующими характеристиками: Проворность, Вплотную, d8+5 физ.","Versatile: This weapon can also be used with these statistics—Agility, Melee, d8+5."
q293,secondary,Core,Легендарный Короткий Меч,Legendary Shortsword,4,,,physical,Agility,Melee,d8+6 phy,One-Handed,,,,,https://artex-x.github.io/daggerheart-loot/i/q293.html,Парное: +5 к урону основного оружия по целям Вплотную к вам,Paired: +5 to primary weapon damage to targets within Melee range
q294,secondary,Core,Легендарный Круглый Щит,Legendary Round Shield,4,,,physical,Strength,Melee,d4+6 phy,One-Handed,,,,,https://artex-x.github.io/daggerheart-loot/i/q294.html,Защитное: +4 к Показателю Брони,Protective: +4 to Armor Score
q295,secondary,Core,Легендарный Башенный Щит,Legendary Tower Shield,4,,,physical,Strength,Melee,d6+6 phy,One-Handed,,,,,https://artex-x.github.io/daggerheart-loot/i/q295.html,Барьер: +5 к Показателю Брони; −1 к Уклонению,Barrier: +5 to Armor Score; −1 to Evasion
q296,secondary,Core,Легендарный Малый Кинжал,Legendary Small Dagger,4,,,physical,Finesse,Melee,d8+6 phy,One-Handed,,,,,https://artex-x.github.io/daggerheart-loot/i/q296.html,Парное: +5 к урону основного оружия по целям Вплотную к вам,Paired: +5 to primary weapon damage to targets within Melee range
q297,secondary,Core,Легендарный Хлыст,Legendary Whip,4,,,physical,Presence,Very Close,d6+6 phy,One-Handed,,,,,https://artex-x.github.io/daggerheart-loot/i/q297.html,"Ошеломляющее: Отметьте Стресс, чтобы хлестнуть кнутом и заставить всех противников, находящихся Вплотную к вам, отойти на Среднюю дистанцию.",Startling: Mark a Stress to crack the whip and force all adversaries within Melee range back to Close range.
q298,secondary,Core,Легендарный Крюк,Legendary Grappler,4,,,physical,Finesse,Close,d6+6 phy,One-Handed,,,,,https://artex-x.github.io/daggerheart-loot/i/q298.html,Цепляющее: При успешной атаке вы можете притянуть цель Вплотную к вам.,"Hooked: On a successful attack, you can pull the target into Melee range."
q299,secondary,Core,Легендарный Ручной Арбалет,Legendary Hand Crossbow,4,,,physical,Finesse,Far,d6+7 phy,One-Handed,,,,,https://artex-x.github.io/daggerheart-loot/i/q299.html,,
q300,secondary,Core,Щит Храбреца,Braveshield,4,,,physical,Agility,Melee,d4+6 phy,One-Handed,,,,,https://artex-x.github.io/daggerheart-loot/i/q300.html,"Укрывающее: Когда вы отмечаете Ячейку Брони, она уменьшает урон для вас и всех союзников Вплотную к вам, которые получили такой же урон.","Sheltering: When you mark an Armor Slot, it reduces damage for you and all allies within Melee range of you who took the same damage."
q301,secondary,Core,Наручные Когти,Knuckle Claws,4,,,physical,Strength,Melee,d6+8 phy,One-Handed,,,,,https://artex-x.github.io/daggerheart-loot/i/q301.html,"Двойной Удар: Когда вы совершаете атаку основным оружием, вы можете нанести урон еще одной цели Вплотную к вам.","Doubled Up: When you make an attack with your primary weapon, you can deal damage to another target within Melee range."
q302,secondary,Core,Осколок Основания,Primer Shard,4,,,physical,Instinct,Very Close,d4 phy,One-Handed,,,,,https://artex-x.github.io/daggerheart-loot/i/q302.html,Наведение: При успешной атаке ваша следующая атака против той же цели с помощью основного оружия автоматически заканчивается успехом.,"Locked On: On a successful attack, your next attack against the same target with your primary weapon automatically succeeds."
q303,secondary,Hope & Fear,Легендарный Томагавк,Legendary Hatchet,4,,,physical,Agility,Melee,d8+6 phy,One-Handed,,,,,https://artex-x.github.io/daggerheart-loot/i/q303.html,Последовательное: При успешной атаке основным оружием Вплотную вы можете отметить Стресс и получить +1 к Мастерству для этой атаки.,"Follow-Up: On a successful attack with your primary weapon within Melee range, you can mark a Stress to gain a +1 bonus to your Proficiency for this attack."
q304,secondary,Hope & Fear,Легендарный Вторичный Кастет,Legendary Offhand Brass Knuckles,4,,,physical,Strength,Melee,d8+6 phy,One-Handed,,,,,https://artex-x.github.io/daggerheart-loot/i/q304.html,Парное: +5 к урону основного оружия по целям Вплотную к вам,Paired: +5 to primary weapon damage to targets within Melee range
q305,secondary,Hope & Fear,Легендарные Метательные Ножи,Legendary Throwing Knives,4,,,physical,Finesse,Melee,d8+6 phy,One-Handed,,,,,https://artex-x.github.io/daggerheart-loot/i/q305.html,"Резерв: Вы можете метать это оружие в цели в пределах Средней дистанции, делая бросок Искусности, и вам не нужно подбирать его, так как у вас под рукой всегда есть еще одно.","Stockpiled: You can throw this weapon within Close range by making an attack roll using Finesse. You don’t have to retrieve it, as you always have another on hand."
q306,secondary,Hope & Fear,Легендарный Боевой Плащ,Legendary Fighting Cloak,4,,,physical,Presence,Melee,d4+6 phy,One-Handed,,,,,https://artex-x.github.io/daggerheart-loot/i/q306.html,Обитое: +5 к порогам урона,Padded: +5 to damage thresholds
q307,secondary,Hope & Fear,Легендарный Рунный Щит,Legendary Rune Shield,4,,,magic,Knowledge,Melee,d4+6 mag,One-Handed,,,,,https://artex-x.github.io/daggerheart-loot/i/q307.html,Защитное: +4 к Показателю Брони,Protective: +4 to Armor Score
q308,secondary,Hope & Fear,Легендарные Руны Концентрации,Legendary Focus Runes,4,,,magic,Instinct,Very Close,d6+6 mag,One-Handed,,,,,https://artex-x.github.io/daggerheart-loot/i/q308.html,Сфокусированное: +1 к урону основного оружия по целям в пределах Близкой дистанции,Focused: +1 to primary weapon damage to targets within Very Close range
q309,secondary,Hope & Fear,Игла Пустоты,Void Needle,4,,,physical,Finesse,Melee,d4+6 phy,One-Handed,,,,,https://artex-x.github.io/daggerheart-loot/i/q309.html,"Инвертированное: Если ваша атака была броском со Страхом, вы получаете Надежду.","Inverted: When you roll a weapon attack with Fear, you gain a Hope."
q310,secondary,Hope & Fear,Клинок Эха,Echo Blade,4,,,magic,Presence,Melee,d4+6 mag,One-Handed,,,,,https://artex-x.github.io/daggerheart-loot/i/q310.html,"Удвоенное: Если вы попадаете атакой основным оружием, вы можете нанести урон другой цели Вплотную к себе.","Doubled Up: When you succeed on an attack with your primary weapon, you can deal damage to another target within Melee range."
q311,secondary,Hope & Fear,Сфера Мёбиуса,Möbius Orb,4,,,magic,Knowledge,Melee,d8+6 mag,One-Handed,,,,,https://artex-x.github.io/daggerheart-loot/i/q311.html,"Рекурсивное: Каждый раз, когда вам выпадает максимум на кости урона, бросьте дополнительную такую же кость и добавьте результат к общему урону. Может срабатывать повторно.","Recursive: When you roll the maximum value on a damage die, roll an additional damage die and add the result to the total damage. This feature can trigger repeatedly."
q312,secondary,Hope & Fear,Щупальце Черной Крови,Blackblood Tendril,4,,,magic,Instinct,Close,d6+8 mag,One-Handed,,,,,https://artex-x.github.io/daggerheart-loot/i/q312.html,"Ядовитое: Когда цель отмечает любое количество Ран от вашей атаки со Страхом, она отмечает такое же количество Стресса.","Poisonous: When a target marks any number of Hit Points from an attack you rolled with Fear, they mark an equal number of Stress."
q313,armor,Core,Стеганый Доспех,Gambeson Armor,1,,,,,,,,3,5/11,,,https://artex-x.github.io/daggerheart-loot/i/q313.html,Гибкое: +1 к Уклонению,Flexible: +1 to Evasion
q314,armor,Core,Кожаный Доспех,Leather Armor,1,,,,,,,,3,6/13,,,https://artex-x.github.io/daggerheart-loot/i/q314.html,,
q315,armor,Core,Кольчужный Доспех,Chainmail Armor,1,,,,,,,,4,7/15,,,https://artex-x.github.io/daggerheart-loot/i/q315.html,Тяжёлое: −1 к Уклонению,Heavy: −1 to Evasion
q316,armor,Core,Латный Доспех,Full Plate Armor,1,,,,,,,,4,8/17,,,https://artex-x.github.io/daggerheart-loot/i/q316.html,Очень тяжёлое: −2 к Уклонению; −1 к Проворности,Very Heavy: −2 to Evasion; −1 to Agility
q317,armor,Hope & Fear,Мантия Мага,Mage Robes,1,,,,,,,,2,4/10,,,https://artex-x.github.io/daggerheart-loot/i/q317.html,"Зачарованное: Вы получаете бонус к порогам урона, равный вашей Характеристике Заклинателя.",Enchanted: Gain a bonus to your damage thresholds equal to your Spellcast trait.
q318,armor,Hope & Fear,Бригантный Доспех,Brigandine Armor,1,,,,,,,,3,6/12,,,https://artex-x.github.io/daggerheart-loot/i/q318.html,"Облицованное: Отметьте Стресс, чтобы не получать Легкий урон.",Lined: Mark a Stress to negate Minor damage.
q319,armor,Hope & Fear,Чешуйчатый Доспех,Scale Mail Armor,1,,,,,,,,3,7/14,,,https://artex-x.github.io/daggerheart-loot/i/q319.html,Громоздкое: −1 к Искусности,Cumbersome: −1 to Finesse
q320,armor,Hope & Fear,Опоясанный Доспех,Banded Armor,1,,,,,,,,4,8/16,,,https://artex-x.github.io/daggerheart-loot/i/q320.html,Неуклюжее: −1 к Уклонению; при получении Тяжелого урона вы должны отметить Стресс.,"Bulky: −1 to Evasion; when you take Severe damage, you must mark a Stress."
q321,armor,Core,Улучшенный Стеганый Доспех,Improved Gambeson Armor,2,,,,,,,,4,7/16,,,https://artex-x.github.io/daggerheart-loot/i/q321.html,Гибкое: +1 к Уклонению,Flexible: +1 to Evasion
q322,armor,Core,Улучшенный Кожаный Доспех,Improved Leather Armor,2,,,,,,,,4,9/20,,,https://artex-x.github.io/daggerheart-loot/i/q322.html,,
q323,armor,Core,Улучшенный Кольчужный Доспех,Improved Chainmail Armor,2,,,,,,,,5,11/24,,,https://artex-x.github.io/daggerheart-loot/i/q323.html,Тяжелое: −1 к Уклонению,Heavy: −1 to Evasion
q324,armor,Core,Улучшенный Латный Доспех,Improved Full Plate Armor,2,,,,,,,,5,13/28,,,https://artex-x.github.io/daggerheart-loot/i/q324.html,Очень тяжелое: −2 к Уклонению; −1 к Проворности,Very Heavy: −2 to Evasion; −1 to Agility
q325,armor,Core,Элундрианский Кольчужный Доспех,Elundrian Chain Armor,2,,,,,,,,4,9/21,,,https://artex-x.github.io/daggerheart-loot/i/q325.html,"Защищающее: Вы уменьшаете входящий магический урон на значение, равное вашему Показателю Брони, перед тем, как применить его к вашим порогам урона.",Warded: You reduce incoming magic damage by your Armor Score before applying it to your damage thresholds.
q326,armor,Core,Доспех Измученных Костей,Harrowbone Armor,2,,,,,,,,4,9/21,,,https://artex-x.github.io/daggerheart-loot/i/q326.html,"Устойчивое: Прежде чем отметить последнюю Ячейку Брони, бросьте d6. При результате в 6, снизьте урон на один порог без отметки Ячейки Брони.","Resilient: Before you mark your last Armor Slot, roll a d6. On a result of 6, reduce the severity by one threshold without marking an Armor Slot."
q327,armor,Core,Доспех Железного Дерева,Irontree Breastplate Armor,2,,,,,,,,4,9/20,,,https://artex-x.github.io/daggerheart-loot/i/q327.html,"Усиленное: Когда вы отмечаете последнюю Ячейку Брони, увеличьте свои пороги урона на 2, пока не очистите хотя бы 1 Ячейку Брони.","Reinforced: When you mark your last Armor Slot, increase your damage thresholds by +2 until you clear at least 1 Armor Slot."
q328,armor,Core,Рунетанский Парящий Доспех,Runetan Floating Armor,2,,,,,,,,4,9/20,,,https://artex-x.github.io/daggerheart-loot/i/q328.html,"Изменяющееся: Когда вы становитесь целью атаки, вы можете отметить Ячейку Брони, чтобы дать броску Атаки против вас Помеху.","Shifting: When you are targeted for an attack, you can mark an Armor Slot to give the attack roll against you disadvantage."
q329,armor,Core,Мягкий Доспех Тайриса,Tyris Soft Armor,2,,,,,,,,5,8/18,,,https://artex-x.github.io/daggerheart-loot/i/q329.html,Тихое: Вы получаете бонус +2 к броскам на бесшумное передвижение.,Quiet: You gain a +2 bonus to rolls you make to move silently.
q330,armor,Core,Доспех Дикой Розы,Rosewild Armor,2,,,,,,,,5,11/23,,,https://artex-x.github.io/daggerheart-loot/i/q330.html,"Надежда: Когда вы хотите потратить Надежду, вы можете вместо этого отметить Ячейку Брони.","Hopeful: When you would spend a Hope, you can mark an Armor Slot instead."
q331,armor,Hope & Fear,Улучшенная Мантия Мага,Improved Mage Robes,2,,,,,,,,3,6/15,,,https://artex-x.github.io/daggerheart-loot/i/q331.html,"Зачарованное: Вы получаете бонус к порогам урона, равный вашей Характеристике Заклинателя.",Enchanted: Gain a bonus to your damage thresholds equal to your Spellcast trait.
q332,armor,Hope & Fear,Улучшенный Бригантный Доспех,Improved Brigandine Armor,2,,,,,,,,4,9/19,,,https://artex-x.github.io/daggerheart-loot/i/q332.html,"Облицованное: Отметьте Стресс, чтобы не получать Легкий урон.",Lined: Mark a Stress to negate Minor damage.
q333,armor,Hope & Fear,Улучшенный Чешуйчатый Доспех,Improved Scale Mail Armor,2,,,,,,,,4,11/23,,,https://artex-x.github.io/daggerheart-loot/i/q333.html,Громоздкое: −1 к Искусности,Cumbersome: −1 to Finesse
q334,armor,Hope & Fear,Улучшенный Опоясанный Доспех,Improved Banded Armor,2,,,,,,,,5,13/27,,,https://artex-x.github.io/daggerheart-loot/i/q334.html,Неуклюжее: −1 к Уклонению; при получении Тяжелого урона вы должны отметить Стресс.,"Bulky: −1 to Evasion; when you take Severe damage, you must mark a Stress."
q335,armor,Hope & Fear,Мантия Чародея,Enchanter’s Robes,2,,,,,,,,4,9/20,,,https://artex-x.github.io/daggerheart-loot/i/q335.html,"Помнящее: Один раз за сцену вы можете вызвать карту из Хранилища, не платя за ее Призыв.","Mnemonic: Once per scene, you can recall a domain card from your vault without paying its Recall Cost."
q336,armor,Hope & Fear,Мантия Ястреба,Hawkguard’s Mantle,2,,,,,,,,4,9/20,,,https://artex-x.github.io/daggerheart-loot/i/q336.html,Планирующее: Вы можете планировать в пределах Далекой дистанции и обладаете иммунитетом к урону от падения.,Gliding: You can glide up to Far range and are immune to damage from falling.
q337,armor,Hope & Fear,Туника из Паучьего Шелка,Spidersilk Tunic,2,,,,,,,,4,9/20,,,https://artex-x.github.io/daggerheart-loot/i/q337.html,"Карабкающееся: +1 к Уклонению; вы можете ходить по стенам так же легко, как по земле.",Wall-Crawling: +1 Evasion; you can walk on walls as easily as on the ground.
q338,armor,Hope & Fear,Хабит Шторма,Stormthread Habit,2,,,,,,,,4,9/20,,,https://artex-x.github.io/daggerheart-loot/i/q338.html,"Поглощающее: Один раз за сцену, когда вы получаете магический урон, вы можете очистить Ячейку Брони.","Absorbing: Once per scene when you take magic damage, you can clear an Armor Slot."
q339,armor,Hope & Fear,Магодревовый Сплинтовый Доспех,Wyrdwood Splint Armor,2,,,,,,,,5,10/21,,,https://artex-x.github.io/daggerheart-loot/i/q339.html,Быстроногое: Вы не можете быть Обездвижены и можете двигаться вплоть до Далекой дистанции частью броска действия.,Quick-Striding: You can’t be Restrained and can move up to Far range as part of an action roll.
q340,armor,Hope & Fear,Кираса из Трольей Шкуры,Trollhide Cuirass,2,,,,,,,,5,11/23,,,https://artex-x.github.io/daggerheart-loot/i/q340.html,"Регенерирующее: Когда вы отдыхаете, очистите Ячейку Брони.","Self-Healing: When you take a rest, clear an Armor Slot."
q341,armor,Hope & Fear,Позолоченные Солнцелаты,Gilded Sunplate,2,,,,,,,,5,12/26,,,https://artex-x.github.io/daggerheart-loot/i/q341.html,"Блистательное: Один раз за сцену, когда вы тратите Надежду, вы можете очистить Ячейку Брони.","Resplendent: Once per scene when you spend Hope, you can clear an Armor Slot."
q342,armor,Core,Продвинутый Стеганый Доспех,Advanced Gambeson Armor,3,,,,,,,,5,9/23,,,https://artex-x.github.io/daggerheart-loot/i/q342.html,Гибкое: +1 к Уклонению,Flexible: +1 to Evasion
q343,armor,Core,Продвинутый Кожаный Доспех,Advanced Leather Armor,3,,,,,,,,5,11/27,,,https://artex-x.github.io/daggerheart-loot/i/q343.html,,
q344,armor,Core,Продвинутый Кольчужный Доспех,Advanced Chainmail Armor,3,,,,,,,,6,13/31,,,https://artex-x.github.io/daggerheart-loot/i/q344.html,Тяжелое: −1 к Уклонению,Heavy: −1 to Evasion
q345,armor,Core,Продвинутый Латный Доспех,Advanced Full Plate Armor,3,,,,,,,,6,15/35,,,https://artex-x.github.io/daggerheart-loot/i/q345.html,Очень тяжелое: −2 к Уклонению; −1 к Проворности,Very Heavy: −2 to Evasion; −1 to Agility
q346,armor,Core,Парадный Доспех Белламуа,Bellamoi Fine Armor,3,,,,,,,,5,11/27,,,https://artex-x.github.io/daggerheart-loot/i/q346.html,Позолоченное: +1 к Влиянию,Gilded: +1 to Presence
q347,armor,Core,Доспех из Драконей Чешуи,Dragonscale Armor,3,,,,,,,,5,11/27,,,https://artex-x.github.io/daggerheart-loot/i/q347.html,"Непробиваемое: Один раз за короткий отдых, когда вы должны отметить свою последнюю Рану, вы можете вместо этого отметить Стресс.","Impenetrable: Once per short rest, when you would mark your last Hit Point, you can instead mark a Stress."
q348,armor,Core,Шипованный Латный Доспех,Spiked Plate Armor,3,,,,,,,,5,10/25,,,https://artex-x.github.io/daggerheart-loot/i/q348.html,"Острое: При успешной атаке по цели Вплотную, добавьте d4 к броску урона.","Sharp: On a successful attack against a target within Melee range, add a d4 to the damage roll."
q349,armor,Core,Доспех Дуэлянта,Bladefare Armor,3,,,,,,,,6,16/39,,,https://artex-x.github.io/daggerheart-loot/i/q349.html,Физическое: Вы не можете отмечать Ячейки Брони для уменьшения магического урона.,Physical: You can’t mark an Armor Slot to reduce magic damage.
q350,armor,Core,Плащ Монэтта,Monett’s Cloak,3,,,,,,,,6,16/39,,,https://artex-x.github.io/daggerheart-loot/i/q350.html,Магическое: Вы не можете отмечать Ячейки Брони для уменьшения физического урона.,Magic: You can’t mark an Armor Slot to reduce physical damage.
q351,armor,Core,Руны Укрепления,Runes of Fortification,3,,,,,,,,6,17/43,,,https://artex-x.github.io/daggerheart-loot/i/q351.html,"Мучительное: Каждый раз, когда вы отмечаете Ячейку Брони, вы должны отметить Стресс.","Painful: Each time you mark an Armor Slot, you must mark a Stress."
q352,armor,Hope & Fear,Продвинутая Мантия Мага,Advanced Mage Robes,3,,,,,,,,4,8/22,,,https://artex-x.github.io/daggerheart-loot/i/q352.html,"Зачарованное: Вы получаете бонус к порогам урона, равный вашей Характеристике Заклинателя.",Enchanted: Gain a bonus to your damage thresholds equal to your Spellcast trait.
q353,armor,Hope & Fear,Продвинутый Бригантный Доспех,Advanced Brigandine Armor,3,,,,,,,,5,11/26,,,https://artex-x.github.io/daggerheart-loot/i/q353.html,"Облицованное: Отметьте Стресс, чтобы не получать Легкий урон.",Lined: Mark a Stress to negate Minor damage.
q354,armor,Hope & Fear,Продвинутый Чешуйчатый Доспех,Advanced Scale Mail Armor,3,,,,,,,,5,13/30,,,https://artex-x.github.io/daggerheart-loot/i/q354.html,Громоздкое: −1 к Искусности,Cumbersome: −1 to Finesse
q355,armor,Hope & Fear,Продвинутый Опоясанный Доспех,Advanced Banded Armor,3,,,,,,,,6,15/34,,,https://artex-x.github.io/daggerheart-loot/i/q355.html,Неуклюжее: −1 к Уклонению; при получении Тяжелого урона вы должны отметить Стресс.,"Bulky: −1 to Evasion; when you take Severe damage, you must mark a Stress."
q356,armor,Hope & Fear,Наряд Грандминстра,Granminster’s Finery,3,,,,,,,,2,11/27,,,https://artex-x.github.io/daggerheart-loot/i/q356.html,"Превосходное: Вы получаете бонус к Показателю Брони, равный вашему Влиянию.",Magnificent: Gain a bonus to your Armor Score equal to your Presence.
q357,armor,Hope & Fear,Астральное Одеяние,Astral Raiment,3,,,,,,,,5,11/27,,,https://artex-x.github.io/daggerheart-loot/i/q357.html,"Звездное: Отметьте Стресс, чтобы получить преимущество на Бросок Заклинания.",Stellar: Mark a Stress to gain advantage on a Spellcast roll.
q358,armor,Hope & Fear,Плащ Клевера,Cloverweave Cloak,3,,,,,,,,5,11/27,,,https://artex-x.github.io/daggerheart-loot/i/q358.html,Удачливое: Один раз за сцену вы можете заменить провал с Надеждой на успех со Страхом.,"Fortune-Favored: Once per scene, you can change a failure with Hope into a success with Fear."
q359,armor,Hope & Fear,Пластинчатый Доспех Стража Неба,Skywarden’s Lamellar,3,,,,,,,,5,11/27,,,https://artex-x.github.io/daggerheart-loot/i/q359.html,Бдительное: +2 к Уклонению,Vigilant: +2 to Evasion
q360,armor,Hope & Fear,Латы Кровокамня,Bloodstone Plate Armor,3,,,,,,,,6,13/35,,,https://artex-x.github.io/daggerheart-loot/i/q360.html,"Кровожадное: Когда вы выбрасываете критический успех на атаку оружием Вплотную, очистите Рану.","Bloodthirsty: When you critically succeed on a weapon attack within Melee range, clear a Hit Point."
q361,armor,Hope & Fear,Глубинный Коралловый Доспех,Deep-Forged Coral Armor,3,,,,,,,,6,13/35,,,https://artex-x.github.io/daggerheart-loot/i/q361.html,"Водное: Вы можете дышать под водой и получаете преимущество на броски Проворности, пока под водой.",Aquatic: You can breathe underwater and gain advantage on Agility Rolls while submerged.
q362,armor,Core,Легендарный Стеганый Доспех,Legendary Gambeson Armor,4,,,,,,,,6,11/32,,,https://artex-x.github.io/daggerheart-loot/i/q362.html,Гибкое: +1 к Уклонению,Flexible: +1 to Evasion
q363,armor,Core,Легендарный Кожаный Доспех,Legendary Leather Armor,4,,,,,,,,6,13/36,,,https://artex-x.github.io/daggerheart-loot/i/q363.html,,
q364,armor,Core,Легендарный Кольчужный Доспех,Legendary Chainmail Armor,4,,,,,,,,7,15/40,,,https://artex-x.github.io/daggerheart-loot/i/q364.html,Тяжелое: −1 к Уклонению,Heavy: −1 to Evasion
q365,armor,Core,Легендарный Латный Доспех,Legendary Full Plate Armor,4,,,,,,,,7,17/44,,,https://artex-x.github.io/daggerheart-loot/i/q365.html,Очень тяжелое: −2 к Уклонению; −1 к Проворности,Very Heavy: −2 to Evasion; −1 to Agility
q366,armor,Core,Шёлковая Кольчуга Дунамиса,Dunamis Silkchain,4,,,,,,,,7,13/36,,,https://artex-x.github.io/daggerheart-loot/i/q366.html,"Замедляющее Время: Отметьте Ячейку Брони, чтобы бросить d4 и добавить его результат в качестве бонуса к вашему Уклонению от наступающей атаки.",Timeslowing: Mark an Armor Slot to roll a d4 and add its result as a bonus to your Evasion against an incoming attack.
q367,armor,Core,Проводящий Доспех,Channeling Armor,4,,,,,,,,5,13/36,,,https://artex-x.github.io/daggerheart-loot/i/q367.html,Проводящее: +1 к Броскам Заклинаний,Channeling: +1 to Spellcast Rolls
q368,armor,Core,Плетённый Углями Доспех,Emberwoven Armor,4,,,,,,,,6,13/36,,,https://artex-x.github.io/daggerheart-loot/i/q368.html,"Горящее: Когда противник атакует вас Вплотную, он отмечает себе Стресс.","Burning: When an adversary attacks you within Melee range, they mark a Stress."
q369,armor,Core,Укреплённый Полный Доспех,Full Fortified Armor,4,,,,,,,,4,15/40,,,https://artex-x.github.io/daggerheart-loot/i/q369.html,"Укрепленное: Когда вы отмечаете Ячейку Брони, вы уменьшаете тяжесть атаки на два порога вместо одного.","Fortified: When you mark an Armor Slot, you reduce the severity of an attack by two thresholds instead of one."
q370,armor,Core,Опаловый Доспех Веритаса,Veritas Opal Armor,4,,,,,,,,6,13/36,,,https://artex-x.github.io/daggerheart-loot/i/q370.html,"Ищущее Истину: Эта броня светится, когда другое существо в пределах Средней дистанции лжёт.",Truthseeking: This armor glows when another creature within Close range tells a lie.
q371,armor,Core,Кольчуга Спасителя,Savior Chainmail,4,,,,,,,,8,18/48,,,https://artex-x.github.io/daggerheart-loot/i/q371.html,Сложное: −1 ко всем Характеристикам и Уклонению,Difficult: −1 to all character traits and Evasion
q372,armor,Hope & Fear,Легендарная Мантия Мага,Legendary Mage Robes,4,,,,,,,,5,10/31,,,https://artex-x.github.io/daggerheart-loot/i/q372.html,"Зачарованное: Вы получаете бонус к порогам урона, равный вашей Характеристике Заклинателя.",Enchanted: Gain a bonus to your damage thresholds equal to your Spellcast trait.
q373,armor,Hope & Fear,Легендарный Бригантный Доспех,Legendary Brigandine Armor,4,,,,,,,,6,13/35,,,https://artex-x.github.io/daggerheart-loot/i/q373.html,"Облицованное: Отметьте Стресс, чтобы не получать Легкий урон.",Lined: Mark a Stress to negate Minor damage.
q374,armor,Hope & Fear,Легендарный Чешуйчатый Доспех,Legendary Scale Mail Armor,4,,,,,,,,6,15/39,,,https://artex-x.github.io/daggerheart-loot/i/q374.html,Громоздкое: −1 к Искусности,Cumbersome: −1 to Finesse
q375,armor,Hope & Fear,Легендарный Опоясанный Доспех,Legendary Banded Armor,4,,,,,,,,7,17/43,,,https://artex-x.github.io/daggerheart-loot/i/q375.html,Неуклюжее: −1 к Уклонению; при получении Тяжелого урона вы должны отметить Стресс.,"Bulky: −1 to Evasion; when you take Severe damage, you must mark a Stress."
q376,armor,Hope & Fear,Покров Тьмы,Darkweave Shroud,4,,,,,,,,5,13/36,,,https://artex-x.github.io/daggerheart-loot/i/q376.html,Призрачное: Один раз до следующего отдыха отметьте Стресс и передвиньтесь в пределах Средней дистанции сквозь твердые предметы.,"Ghostwalker: Once per rest, mark a Stress to move up to Close range through solid objects."
q377,armor,Hope & Fear,Божественный Пластинчатый Доспех,Godbound Laminar,4,,,,,,,,6,13/36,,,https://artex-x.github.io/daggerheart-loot/i/q377.html,"Священное: Когда вы отмечаете Ячейку Брони, получите Надежду.","Divine: When you mark an Armor Slot, gain a Hope."
q378,armor,Hope & Fear,Латы Ужаса,Circle-Forged Dreadplate,4,,,,,,,,6,14/38,,,https://artex-x.github.io/daggerheart-loot/i/q378.html,"Проклятое: Когда вы отмечаете любое количество Ран, бросьте d4. При результате 4 атакующий должен отметить такое же количество Стресса.","Accursed: When you mark any number of Hit Points from an attack, roll a d4. On a result of 4, the attacker must mark an equal number of Stress."
q379,armor,Hope & Fear,Рунный Экзоскелет,Rune-Forged Exosuit,4,,,,,,,,7,12/39,,,https://artex-x.github.io/daggerheart-loot/i/q379.html,"Настроенное: Максимальное количество карт домена в вашей Руке уменьшено на 1, но вы получаете бонус к порогам урона, равный вашему Рангу.","Attuned: The maximum number of domain cards in your loadout is reduced by one, but you gain a bonus to your damage thresholds equal to your tier."
q380,armor,Hope & Fear,Священные Латы Героя,Hallowed Heroplate,4,,,,,,,,7,13/35,,,https://artex-x.github.io/daggerheart-loot/i/q380.html,"Благословленное: Один раз за продолжительный отдых, перед Предсмертным Ходом «Рискнуть всем», вы можете потратить любое количество Надежды. Вы получаете бонус к результату Кости Надежды, равный количеству потраченной Надежды.","Blessed: Once per long rest, you can spend any number of Hope before you make the Risk It All death move. You gain a bonus to the result of your Hope Die equal to the number of Hope spent."
q381,armor,Hope & Fear,Сбруя Резонанса,Resonant Harness,4,,,,,,,,7,15/40,,,https://artex-x.github.io/daggerheart-loot/i/q381.html,"Стеклянное: Если вы получаете Тяжелый или больший урон, вы можете отметить 2 Ячейки Брони, чтобы отменить этот урон. Если вы это делаете, вы получаете штраф −5 к порогам урона, пока вы не выберете починить броню как Ход Отдыха.","Vitreous: When you would take Severe or greater damage, you can mark 2 Armor Slots to negate that damage. If you do, you gain a −5 penalty to your damage thresholds until you choose to repair your armor as a downtime move."
